purchase_id,customer_id,product_id,purchase_date,amount,payment_method
1,530,84,2024-09-10,168.4733644318633,Debit Card
2,10,56,2024-04-30,789.4525790828213,Credit Card
3,92,14,2024-02-01,984.3233098883828,Cash
4,139,33,2024-05-28,29.70246890267705,Cash
5,481,10,2024-09-22,702.0371399016741,Credit Card
6,449,80,2024-02-06,260.3826875007243,Cash
7,333,64,2024-06-25,50.0829460850214,PayPal
8,869,64,2024-12-07,408.8606831670645,Cash
9,340,62,2024-01-13,935.8656320691663,Credit Card
10,961,68,2024-07-01,21.647443423327708,Cash
11,52,91,2024-05-24,592.0068350104839,Credit Card
12,707,92,2024-09-21,506.38251380937106,Credit Card
13,466,43,2024-03-28,874.650322727337,Cash
14,718,80,2024-02-15,93.16169737541941,Credit Card
15,799,59,2024-04-28,684.7107695877838,Credit Card
16,475,52,2024-01-19,683.3086014489445,Debit Card
17,401,97,2024-08-07,672.3892166936604,PayPal
18,439,19,2024-08-20,942.9111499856866,Credit Card
19,878,21,2024-04-03,824.8566537168116,PayPal
20,605,22,2024-09-07,51.55299898107095,Debit Card
21,932,9,2024-09-06,476.372022197468,Debit Card
22,997,9,2024-10-08,403.97352563932014,Debit Card
23,922,73,2024-08-19,317.04574887989406,Debit Card
24,821,27,2024-02-15,456.8233579025563,PayPal
25,657,17,2024-02-15,390.3522430767177,Cash
26,598,44,2024-01-14,438.01056087987865,Cash
27,509,45,2024-03-25,979.4692469525561,PayPal
28,153,8,2024-11-14,97.74664500208496,Credit Card
29,514,80,2024-11-23,923.0085611403425,PayPal
30,503,18,2024-01-03,485.4343463363164,Credit Card
31,854,33,2024-01-28,627.5048230445458,Credit Card
32,901,1,2024-06-05,831.881136951517,Cash
33,772,76,2024-12-08,366.858398857763,Debit Card
34,676,6,2024-11-28,436.1176890070872,Cash
35,6,41,2024-11-27,415.4232954759268,Cash
36,500,55,2024-06-23,380.98371231040227,PayPal
37,661,5,2024-04-23,926.274028430426,PayPal
38,717,59,2024-11-26,830.6405922810819,Credit Card
39,118,80,2024-09-06,117.90998996434634,PayPal
40,485,18,2024-02-28,117.04211895232507,Credit Card
41,601,49,2024-07-21,433.5908197044613,Credit Card
42,666,82,2024-11-10,107.67080296548096,Debit Card
43,951,65,2024-08-26,622.9021643184085,Debit Card
44,679,83,2024-08-21,152.25469118911658,Cash
45,468,54,2024-10-29,527.1495313271331,Debit Card
46,161,61,2024-04-04,17.147747533680576,Credit Card
47,270,8,2024-05-20,323.43038492852025,PayPal
48,56,3,2024-11-29,680.4188164359289,Debit Card
49,228,25,2024-04-22,489.19855082556995,Debit Card
50,849,69,2024-04-18,978.4867911389982,Debit Card
51,149,55,2024-12-27,875.3627581055487,Debit Card
52,46,40,2024-12-10,365.4800712527197,Credit Card
53,144,83,2024-10-15,55.031676057551856,Credit Card
54,750,82,2024-04-06,847.1700371138686,Cash
55,784,50,2024-11-30,912.1219672115246,PayPal
56,632,95,2024-01-16,822.4211194848464,Cash
57,340,33,2024-02-13,136.6704415105672,Cash
58,413,18,2024-08-17,997.9359830681649,Debit Card
59,732,57,2024-04-17,265.9983793372461,PayPal
60,520,16,2024-08-04,726.9628636802863,Debit Card
61,344,80,2024-09-16,908.9545275723643,Credit Card
62,387,38,2024-11-07,243.33024318740235,Cash
63,473,41,2024-11-15,909.1759691302954,PayPal
64,275,7,2024-07-14,316.3867634029183,Credit Card
65,353,78,2024-04-04,976.6490901602156,Cash
66,66,53,2024-02-25,288.4474201766698,PayPal
67,79,63,2024-02-01,953.9014665102568,Cash
68,598,89,2024-08-18,63.009204383748155,PayPal
69,636,32,2024-01-09,712.1792915531149,Cash
70,202,38,2024-07-09,536.7900224986337,Debit Card
71,978,22,2024-12-26,483.0983063515033,Cash
72,662,16,2024-07-18,231.2593711132816,Cash
73,558,52,2024-11-29,708.539831878727,PayPal
74,113,29,2024-06-09,198.90139653184403,PayPal
75,91,16,2024-03-27,557.3133780249206,Debit Card
76,141,76,2024-01-21,260.7129094098483,PayPal
77,289,17,2024-11-06,956.0651659835426,Cash
78,901,64,2024-03-16,38.3448818972963,PayPal
79,730,91,2024-05-20,207.7309973101242,PayPal
80,589,89,2024-05-05,249.88750032357325,PayPal
81,411,13,2024-09-07,419.92714751013824,Debit Card
82,377,72,2024-03-24,240.402939451353,Debit Card
83,384,56,2024-02-17,496.4355993660974,Credit Card
84,846,5,2024-03-18,873.7408680259535,Debit Card
85,152,12,2024-01-30,714.9427871950791,Debit Card
86,835,41,2024-10-11,584.1623607297599,Debit Card
87,751,3,2024-05-15,98.11314620285285,Cash
88,627,99,2024-05-19,697.0521873053829,Credit Card
89,319,33,2024-02-10,174.75014146783045,Cash
90,369,86,2024-10-08,788.503712102081,Debit Card
91,606,50,2024-02-19,257.5561909250517,Debit Card
92,995,56,2024-09-14,422.8782410376919,Credit Card
93,560,9,2024-11-06,356.9655002947486,Credit Card
94,703,82,2024-12-25,860.2257755281082,PayPal
95,462,50,2024-09-26,135.27901412627406,Debit Card
96,12,29,2024-05-13,569.9884335609407,Debit Card
97,156,39,2024-08-21,150.6409933486316,Cash
98,684,91,2024-05-07,707.7478777708648,PayPal
99,477,100,2024-04-13,906.0273465165363,Debit Card
100,939,45,2024-09-10,440.26157732858087,Cash
101,401,17,2024-04-04,493.2113376623261,Credit Card
102,808,56,2024-12-02,928.1486081179346,Cash
103,177,98,2024-08-04,525.7814747628636,Debit Card
104,341,46,2024-03-01,492.7224536690653,Cash
105,57,67,2024-09-24,582.5458116772611,Cash
106,855,69,2024-08-28,692.3374389993224,PayPal
107,852,14,2024-01-13,115.81454133616107,PayPal
108,448,67,2024-05-26,822.8994224641009,Credit Card
109,203,23,2024-08-27,441.14997717872666,PayPal
110,697,94,2024-03-29,81.62502479851068,Cash
111,633,61,2024-04-04,788.320842506231,PayPal
112,738,23,2024-11-10,383.1804719694094,Debit Card
113,202,27,2024-10-19,109.3638201441034,Cash
114,330,54,2024-01-25,637.441249147818,Cash
115,363,10,2024-09-28,881.3300398993052,Cash
116,892,89,2024-06-14,888.8759743198465,Debit Card
117,454,77,2024-09-06,958.0868400608834,Cash
118,356,16,2024-03-27,869.0284051690211,PayPal
119,216,41,2024-05-21,12.11951015202047,Debit Card
120,972,98,2024-05-13,386.4387547492563,Cash
121,555,55,2024-10-05,820.357154106448,PayPal
122,887,61,2024-05-05,372.5904759384895,PayPal
123,23,86,2024-11-11,605.5330213159091,Credit Card
124,155,81,2024-05-20,610.2537779007866,PayPal
125,186,87,2024-12-21,371.3750509984348,PayPal
126,249,100,2024-04-12,905.4291880084747,Credit Card
127,749,49,2024-08-13,508.19606193225644,Credit Card
128,805,73,2024-03-03,470.1363638781258,Debit Card
129,134,52,2024-10-20,997.5386082052769,PayPal
130,321,2,2024-11-01,498.5653604318905,Debit Card
131,390,96,2024-09-10,186.61426940929525,Debit Card
132,434,50,2024-06-28,517.9387286348036,Cash
133,22,86,2024-02-09,815.8765681647308,Debit Card
134,873,43,2024-09-20,779.0917236292986,Debit Card
135,600,77,2024-07-07,790.6959474573863,Debit Card
136,665,8,2024-01-08,710.9435461579327,Debit Card
137,125,59,2024-04-13,261.6756507760213,Credit Card
138,79,65,2024-08-12,863.4632449818291,PayPal
139,858,81,2024-02-03,894.5090307225024,Cash
140,968,12,2024-08-23,202.21116965236357,Credit Card
141,51,4,2024-08-15,139.15108018587998,Cash
142,728,77,2024-07-06,975.8489189032209,Cash
143,176,95,2024-11-08,869.6407240138642,Credit Card
144,870,41,2024-01-22,894.3037857378472,Debit Card
145,253,7,2024-12-08,887.5126207781512,Credit Card
146,966,87,2024-02-09,546.2699557933911,Cash
147,246,88,2024-06-21,649.9377192991417,Cash
148,739,69,2024-06-27,549.9092236123053,Debit Card
149,106,69,2024-03-26,60.69428569842578,Credit Card
150,193,81,2024-05-12,748.0480544992449,PayPal
151,316,30,2024-12-16,510.2787130025215,Cash
152,302,73,2024-01-13,651.2319840423274,Credit Card
153,548,6,2024-01-28,507.61340692577994,Debit Card
154,954,89,2024-03-24,496.8932090992314,Debit Card
155,716,19,2024-11-13,180.07121838298914,PayPal
156,934,80,2024-12-14,285.92657798973744,Cash
157,779,85,2024-12-08,167.26416502451625,PayPal
158,268,66,2024-10-06,203.70963266908902,PayPal
159,170,10,2024-12-19,973.2476066161018,PayPal
160,551,16,2024-09-19,161.58231131447644,PayPal
161,455,37,2024-06-14,276.57772006215555,Debit Card
162,651,79,2024-10-19,594.6837611611991,Cash
163,292,77,2024-03-08,614.0767904742754,PayPal
164,564,77,2024-08-13,162.43438844639078,Cash
165,799,32,2024-06-18,795.7802515273602,Debit Card
166,801,47,2024-03-26,787.3508392336968,Debit Card
167,141,72,2024-05-12,244.94452716185216,Credit Card
168,146,43,2024-06-26,295.7796396487058,Credit Card
169,425,82,2024-12-08,938.607986804902,Cash
170,314,36,2024-09-08,827.4147315196833,Credit Card
171,184,26,2024-01-15,700.8190627318986,PayPal
172,664,10,2024-08-10,91.41088929549453,Cash
173,713,31,2024-07-19,424.08144009355,Debit Card
174,128,97,2024-04-16,563.7088533560587,Debit Card
175,287,29,2024-09-06,195.53717510393915,PayPal
176,823,5,2024-03-29,453.7443162871423,Credit Card
177,253,77,2024-05-04,605.0156187138031,Cash
178,778,1,2024-04-22,334.10291331424526,Cash
179,700,87,2024-05-16,783.1353707609823,PayPal
180,386,3,2024-09-03,842.0450858224174,Credit Card
181,230,67,2024-06-14,330.3733747397301,Cash
182,271,71,2024-05-29,840.2705829475326,PayPal
183,771,100,2024-12-28,112.54080044198487,Cash
184,811,35,2024-12-08,839.3518076364297,Debit Card
185,415,15,2024-03-08,161.22292735094044,Cash
186,198,67,2024-08-08,92.09788098462879,Cash
187,323,93,2024-09-27,645.3576503966011,Cash
188,56,30,2024-11-16,477.2179920977414,Credit Card
189,831,82,2024-11-05,908.8116944087044,Credit Card
190,203,75,2024-12-14,369.5573041299407,PayPal
191,783,43,2024-01-20,294.2807408032524,Credit Card
192,621,60,2024-10-15,505.7275570827564,Cash
193,628,40,2024-04-09,461.3867239109747,Cash
194,604,65,2024-09-08,350.98376575501635,Credit Card
195,138,29,2024-03-17,696.8038857113453,Credit Card
196,422,74,2024-05-14,761.9662155747692,Cash
197,815,92,2024-06-21,854.4541293398353,Cash
198,57,95,2024-12-28,973.1280386632394,Debit Card
199,562,19,2024-07-19,273.9896302111794,PayPal
200,71,3,2024-08-04,718.9325476650619,Credit Card
201,911,36,2024-07-26,400.3156531407878,PayPal
202,914,43,2024-03-14,680.311152231597,Cash
203,594,15,2024-01-11,481.22187344572814,PayPal
204,372,97,2024-10-13,993.8353717402523,Credit Card
205,617,41,2024-09-12,731.6131144328424,Credit Card
206,600,90,2024-01-12,952.9663874299813,PayPal
207,514,80,2024-03-18,836.6198539863739,Credit Card
208,872,36,2024-06-20,903.8720010517374,Debit Card
209,84,97,2024-04-05,816.2750052425282,Cash
210,994,84,2024-11-01,464.5675390721523,Cash
211,43,77,2024-09-29,259.27056881341554,Credit Card
212,666,33,2024-06-27,376.616973696017,Cash
213,839,5,2024-03-04,30.033870313550942,Debit Card
214,934,78,2024-05-11,528.7532357900205,Credit Card
215,606,91,2024-12-08,510.0072222677046,Debit Card
216,810,87,2024-09-28,529.9979601821833,Debit Card
217,133,14,2024-11-14,974.2909127223433,Cash
218,395,68,2024-11-27,912.3394634202909,Cash
219,65,83,2024-12-06,170.09565054680692,PayPal
220,290,47,2024-04-18,375.1936963403303,Debit Card
221,376,54,2024-09-29,429.7166176686293,Cash
222,769,4,2024-06-16,366.9275886731313,Debit Card
223,467,94,2024-06-28,800.5110039678739,PayPal
224,898,83,2024-02-27,528.7972931689111,Debit Card
225,213,95,2024-03-19,576.3788188019088,Credit Card
226,148,95,2024-03-01,854.4834233980463,PayPal
227,573,9,2024-04-30,807.868871881205,PayPal
228,471,53,2024-07-25,140.8894075920967,Debit Card
229,149,77,2024-02-03,716.7754382427979,Debit Card
230,88,78,2024-03-10,441.0817676130152,Cash
231,324,60,2024-01-17,301.70241403187543,Credit Card
232,895,46,2024-01-20,59.518632693164484,PayPal
233,396,54,2024-11-10,492.37706474199643,PayPal
234,790,74,2024-03-09,361.88231391728607,PayPal
235,404,95,2024-08-02,258.9979092796368,Cash
236,82,37,2024-06-09,697.7250123009879,Credit Card
237,641,23,2024-04-11,771.7905334424312,PayPal
238,286,27,2024-07-24,252.34162383913056,PayPal
239,382,70,2024-05-24,58.95296231255379,Cash
240,865,90,2024-02-26,850.2651735595826,Debit Card
241,792,66,2024-03-23,19.860143792260285,PayPal
242,270,61,2024-09-25,937.7413689822573,Credit Card
243,292,77,2024-07-05,631.3436752428788,Credit Card
244,453,51,2024-01-06,328.6281688493071,Credit Card
245,715,50,2024-12-18,254.01313048096884,Credit Card
246,24,19,2024-12-15,18.915607621830492,Cash
247,956,1,2024-04-19,243.11670284076837,PayPal
248,863,40,2024-05-17,146.3510185019697,Cash
249,311,32,2024-02-20,616.0445585159142,Credit Card
250,461,22,2024-02-20,174.88013270786328,Credit Card
251,208,93,2024-03-27,533.3435391612531,Credit Card
252,792,66,2024-03-08,594.2152581210261,Cash
253,717,40,2024-03-24,305.06128136344535,Credit Card
254,664,38,2024-02-11,44.71429952853152,PayPal
255,438,48,2024-08-06,46.88134180805414,Credit Card
256,538,55,2024-02-26,36.08385887197843,PayPal
257,706,75,2024-08-13,741.7334204651808,PayPal
258,336,81,2024-07-14,324.82960776615516,Credit Card
259,422,55,2024-09-04,798.337184107987,Cash
260,750,51,2024-06-14,437.4154956044207,Debit Card
261,321,60,2024-03-02,458.4681198216642,Debit Card
262,497,8,2024-09-19,517.753776484478,PayPal
263,587,86,2024-04-21,715.9011418113529,Cash
264,947,68,2024-09-09,280.76783717141,Debit Card
265,163,75,2024-07-17,130.37147603819164,Credit Card
266,811,72,2024-06-26,560.4967618395469,Credit Card
267,541,9,2024-01-26,333.70784701031187,PayPal
268,165,90,2024-09-02,448.06640053135703,Cash
269,849,2,2024-01-19,650.4772412539323,Cash
270,698,80,2024-09-21,499.1844837298579,Debit Card
271,566,95,2024-11-12,624.0760289298345,Debit Card
272,295,70,2024-01-20,548.7580020924916,Credit Card
273,42,85,2024-04-15,742.3984082167382,PayPal
274,924,90,2024-08-24,708.8772515345038,Cash
275,285,59,2024-11-01,538.847992890533,Debit Card
276,939,19,2024-09-02,682.1139906511098,Debit Card
277,387,28,2024-03-21,874.8240062498867,PayPal
278,138,72,2024-05-29,437.9485749102869,PayPal
279,187,14,2024-01-10,418.6354420213057,Credit Card
280,910,24,2024-11-16,766.6031646438563,PayPal
281,716,44,2024-08-11,586.7282986715741,Credit Card
282,431,56,2024-09-20,80.29671242036267,Credit Card
283,554,90,2024-05-28,893.1908955341705,PayPal
284,862,95,2024-10-04,40.47527121526373,PayPal
285,416,51,2024-09-30,750.9123926476457,PayPal
286,800,32,2024-07-12,761.2062012772698,PayPal
287,426,50,2024-06-20,953.5799744291112,PayPal
288,416,41,2024-09-21,63.59306431829755,Credit Card
289,26,66,2024-11-05,600.888292176646,Debit Card
290,371,25,2024-01-26,433.56216492078244,Cash
291,385,61,2024-12-15,337.3266253109466,Cash
292,56,66,2024-12-21,99.41537469608231,Credit Card
293,253,42,2024-01-26,567.0275784745961,Credit Card
294,634,65,2024-02-03,484.2503184178675,Debit Card
295,106,36,2024-09-20,113.50891356951402,PayPal
296,130,76,2024-05-17,616.3646120261126,Credit Card
297,849,9,2024-10-30,740.573589050409,Cash
298,670,36,2024-07-01,769.6055180431117,PayPal
299,376,92,2024-12-28,906.3194563798031,Credit Card
300,743,38,2024-08-29,415.3760344698894,PayPal
301,967,33,2024-02-23,953.5420409359156,Cash
302,308,42,2024-06-16,866.7751110318592,PayPal
303,91,61,2024-04-28,303.53655531369964,Credit Card
304,393,46,2024-05-22,167.6902069759639,Credit Card
305,534,86,2024-03-21,441.0355021667333,Cash
306,802,89,2024-09-01,407.87972087640696,Debit Card
307,110,61,2024-12-17,579.9621122778923,Debit Card
308,561,18,2024-12-23,587.5523700044705,PayPal
309,641,70,2024-03-02,752.4871145361755,Credit Card
310,585,82,2024-02-15,514.7910487235541,Credit Card
311,340,80,2024-03-27,113.77441453135789,Cash
312,565,15,2024-04-08,859.708422197575,Cash
313,979,48,2024-10-21,316.6669373533352,Credit Card
314,356,72,2024-02-22,971.5844857035261,Cash
315,892,13,2024-07-10,126.68150759297245,Debit Card
316,168,43,2024-03-20,958.6686605101781,Debit Card
317,557,60,2024-01-16,100.10168881369181,PayPal
318,452,57,2024-12-25,238.72577656758887,Cash
319,905,71,2024-11-21,56.11414266567618,PayPal
320,105,17,2024-07-12,708.062015172605,Cash
321,150,50,2024-05-20,851.7957492060739,Cash
322,146,32,2024-04-17,439.7303709978206,Debit Card
323,716,22,2024-10-29,929.2368542920054,Credit Card
324,874,55,2024-09-21,594.3960810380436,Cash
325,299,57,2024-10-16,633.707064092058,Cash
326,167,13,2024-07-27,846.9650096837622,Cash
327,713,47,2024-06-13,303.8322030013205,Credit Card
328,646,87,2024-12-07,360.72306411434954,PayPal
329,723,62,2024-11-15,906.8924000026979,PayPal
330,48,54,2024-05-31,901.9538610783761,Cash
331,638,29,2024-10-16,976.7179484388622,Cash
332,239,22,2024-09-24,902.8199332772544,PayPal
333,7,65,2024-05-30,136.0983156730273,PayPal
334,464,29,2024-07-25,825.4870432756175,Debit Card
335,453,48,2024-09-11,415.7400933284981,Cash
336,784,5,2024-12-18,990.8933423864785,PayPal
337,897,35,2024-05-20,477.55815468551305,Debit Card
338,371,74,2024-12-08,558.2977216771984,Credit Card
339,549,83,2024-12-23,534.4771661042306,Cash
340,487,71,2024-04-05,328.519659559695,PayPal
341,211,46,2024-08-14,84.27186800398898,Cash
342,165,35,2024-07-11,896.6947180978993,Debit Card
343,125,45,2024-10-29,804.6490544010239,PayPal
344,337,13,2024-11-09,148.1315127540726,Credit Card
345,192,10,2024-04-27,779.0005886365722,Credit Card
346,730,66,2024-01-05,629.5881993901039,Debit Card
347,214,70,2024-12-17,415.0523500384461,Credit Card
348,574,72,2024-08-30,261.4809376046071,Credit Card
349,328,100,2024-01-21,861.1314956672102,Credit Card
350,957,25,2024-05-31,703.1863767011125,Credit Card
351,381,44,2024-05-07,552.2625103744455,Credit Card
352,673,60,2024-05-03,613.4728485594794,Credit Card
353,578,47,2024-05-25,100.15552026135917,Credit Card
354,798,40,2024-10-03,479.18056330208003,PayPal
355,239,7,2024-11-05,201.76328985784497,Credit Card
356,532,46,2024-05-31,216.29984221873713,PayPal
357,700,23,2024-12-25,664.6909226639981,Cash
358,82,83,2024-04-20,912.1435903159452,Debit Card
359,363,46,2024-04-25,409.71904437356307,Credit Card
360,505,86,2024-07-06,215.67178028206848,Debit Card
361,202,13,2024-02-26,652.2594678642877,Credit Card
362,920,21,2024-09-07,872.4751758868146,PayPal
363,504,1,2024-05-29,750.835613111266,Credit Card
364,644,19,2024-06-10,870.0696582312213,Cash
365,37,60,2024-04-29,541.1891243006913,Debit Card
366,644,33,2024-03-10,754.357481925499,Debit Card
367,589,4,2024-12-16,148.6639137653471,Cash
368,601,3,2024-04-08,354.7918692095596,PayPal
369,973,91,2024-06-15,395.6536728367072,PayPal
370,402,52,2024-10-24,516.1827887835742,Cash
371,765,99,2024-05-30,929.7855966542555,Debit Card
372,856,28,2024-11-21,875.5535946199525,Credit Card
373,706,70,2024-01-02,143.1802373662927,PayPal
374,176,70,2024-05-31,181.06175536363858,Credit Card
375,545,55,2024-12-30,364.0641440930222,Debit Card
376,570,57,2024-03-05,297.8364272317672,Credit Card
377,467,87,2024-11-21,618.6232436246996,Cash
378,201,97,2024-03-09,903.7482872868994,PayPal
379,540,16,2024-04-30,962.6686262558609,PayPal
380,547,24,2024-04-18,657.0669230098742,Cash
381,999,69,2024-11-11,839.7776093870758,Cash
382,637,41,2024-09-03,529.9501782284891,PayPal
383,394,77,2024-04-02,216.24367739143932,PayPal
384,833,47,2024-09-24,529.4415279725426,PayPal
385,42,76,2024-04-12,559.5317754232746,Debit Card
386,597,69,2024-04-21,745.032988571421,Debit Card
387,393,31,2024-11-16,227.68415981027562,Debit Card
388,700,92,2024-10-30,374.6272782658644,Credit Card
389,623,92,2024-12-09,370.38719452242066,Debit Card
390,783,30,2024-03-02,959.8451997837533,PayPal
391,995,18,2024-10-26,449.5055107234517,Debit Card
392,441,44,2024-05-15,757.543027625165,PayPal
393,837,27,2024-02-24,753.3032675606946,Cash
394,617,99,2024-04-17,272.88874295520895,Credit Card
395,506,26,2024-10-29,576.1509924780148,Credit Card
396,918,60,2024-09-14,895.3598643854616,Cash
397,320,18,2024-09-09,480.44574226237995,PayPal
398,553,97,2024-08-09,945.6663322691206,Credit Card
399,215,89,2024-06-15,222.31364703091998,Debit Card
400,71,56,2024-06-08,83.41751471629043,PayPal
401,568,31,2024-06-14,892.5393344133018,Credit Card
402,919,59,2024-07-23,849.2043859825944,Cash
403,236,2,2024-09-23,992.6639771745063,PayPal
404,281,97,2024-05-17,682.5995532313018,Credit Card
405,987,39,2024-12-11,937.321047400478,Cash
406,617,61,2024-09-04,828.6795348332697,PayPal
407,902,63,2024-02-24,845.982069788886,Debit Card
408,887,96,2024-07-27,573.4501547497256,PayPal
409,162,18,2024-01-17,388.54095193754375,Debit Card
410,191,17,2024-03-08,935.212491817849,PayPal
411,9,98,2024-05-12,437.79600385973555,Cash
412,60,39,2024-07-06,543.4311735771723,Debit Card
413,893,71,2024-11-03,451.6531640539359,Debit Card
414,817,54,2024-05-17,569.1701308205951,PayPal
415,225,99,2024-06-22,475.8000282024039,Credit Card
416,819,94,2024-04-06,57.48788299368112,Debit Card
417,700,76,2024-06-19,883.2277041476217,PayPal
418,582,35,2024-06-02,449.9498807266121,Cash
419,805,11,2024-07-01,593.0542120222752,PayPal
420,287,61,2024-08-29,147.79592473040717,PayPal
421,994,44,2024-10-30,13.353969502812745,Debit Card
422,169,68,2024-10-11,252.83719270720653,Credit Card
423,62,25,2024-01-27,707.5401718120168,Cash
424,349,48,2024-12-25,108.20258481174982,Debit Card
425,442,32,2024-02-29,909.7985659826031,Debit Card
426,14,84,2024-07-20,222.87234366262274,Debit Card
427,164,95,2024-09-06,212.54767814885804,Cash
428,420,4,2024-12-27,189.69288200528055,Credit Card
429,757,38,2024-03-09,23.841895841651098,Cash
430,847,63,2024-01-21,774.0874137934522,Cash
431,520,47,2024-05-31,876.2841859328059,Credit Card
432,666,1,2024-04-11,618.0210755900368,Cash
433,548,3,2024-04-04,196.31798186306366,PayPal
434,560,86,2024-12-26,292.42521697147095,Cash
435,597,62,2024-08-16,481.16743039131364,Debit Card
436,28,64,2024-05-04,954.8024921070678,Cash
437,708,17,2024-09-14,254.87785809956537,Debit Card
438,446,78,2024-11-17,734.3294448806892,Cash
439,208,62,2024-08-23,445.0537410599911,Debit Card
440,470,35,2024-06-10,304.86887487642156,Debit Card
441,716,13,2024-02-11,461.3567776518926,Debit Card
442,976,35,2024-10-02,80.4946503658202,Credit Card
443,819,43,2024-12-18,800.7004972210589,Cash
444,104,2,2024-03-08,250.86890870313746,Cash
445,742,56,2024-06-21,728.1580019610408,PayPal
446,426,77,2024-11-26,77.66488773371277,PayPal
447,101,51,2024-05-04,955.5475706040291,PayPal
448,541,54,2024-06-18,201.08483555164162,Cash
449,639,16,2024-02-16,883.9146554450097,Credit Card
450,850,18,2024-09-17,811.3784775192801,Debit Card
451,522,7,2024-08-04,968.1813248406019,Cash
452,106,45,2024-10-31,483.1117543362921,Credit Card
453,679,36,2024-05-03,730.123320907492,Credit Card
454,978,41,2024-10-19,377.0035504674062,Cash
455,769,94,2024-06-10,192.5245556394969,Debit Card
456,807,42,2024-07-19,448.64517360411435,Credit Card
457,277,7,2024-10-01,174.09152523457033,Cash
458,65,15,2024-07-24,982.2241765585201,Debit Card
459,783,60,2024-02-09,105.2840262293092,PayPal
460,900,40,2024-09-29,593.3196062180942,Credit Card
461,188,83,2024-07-06,630.1992167015153,Credit Card
462,317,37,2024-12-20,542.6987474453136,Cash
463,916,66,2024-04-02,665.5640268547153,Cash
464,138,55,2024-02-11,125.01896726177203,Debit Card
465,343,77,2024-04-16,559.4683389632381,PayPal
466,105,95,2024-11-23,294.3404454160879,PayPal
467,546,80,2024-03-05,940.7743026680461,Cash
468,380,56,2024-12-30,764.4509369053285,Cash
469,110,44,2024-11-04,972.7893373381453,Debit Card
470,944,57,2024-05-14,47.18050904278765,Cash
471,545,6,2024-01-24,292.2818434289016,Debit Card
472,354,92,2024-01-28,203.4683607719655,Debit Card
473,743,32,2024-03-02,21.043041438712194,PayPal
474,317,74,2024-09-29,249.9024729438582,Debit Card
475,266,18,2024-08-16,681.9882236852246,PayPal
476,694,68,2024-01-20,238.77803291322286,PayPal
477,852,73,2024-01-03,513.913411027792,PayPal
478,65,7,2024-08-05,888.9399338153487,Cash
479,333,8,2024-11-02,696.8203411455845,PayPal
480,513,64,2024-05-15,400.68277920697165,Debit Card
481,133,7,2024-01-03,378.7442495229872,Cash
482,592,41,2024-07-11,461.1784558683999,Debit Card
483,783,40,2024-03-13,185.27102664930732,Cash
484,753,3,2024-12-26,637.6607597418282,Debit Card
485,540,17,2024-04-27,370.51129091355944,Credit Card
486,735,66,2024-06-02,853.8416957694233,Credit Card
487,535,79,2024-07-27,758.9871334572381,Credit Card
488,496,93,2024-02-03,614.4080324512385,Debit Card
489,621,52,2024-05-16,370.5602004230209,Cash
490,619,22,2024-11-13,217.83251335674956,PayPal
491,657,4,2024-04-29,778.3903454645666,PayPal
492,369,6,2024-04-24,491.5450080011757,Debit Card
493,866,38,2024-01-13,232.50253779558392,Debit Card
494,909,26,2024-03-09,203.22286888960616,Debit Card
495,910,11,2024-11-28,173.74689545634544,Debit Card
496,651,90,2024-09-13,779.389584243539,PayPal
497,796,17,2024-03-29,236.69731344730857,Cash
498,810,88,2024-02-16,531.3758408899455,PayPal
499,992,92,2024-09-16,457.0308973633259,Debit Card
500,99,99,2024-08-15,583.814790236001,Credit Card
501,317,31,2024-06-28,878.3833513674823,PayPal
502,123,77,2024-01-10,869.0699161809133,Credit Card
503,320,35,2024-10-10,456.56531110661103,Credit Card
504,799,16,2024-05-05,25.212588227376074,Debit Card
505,593,79,2024-05-13,432.1793676571601,PayPal
506,495,18,2024-06-03,610.131602049899,Cash
507,457,62,2024-09-04,562.1871115070811,PayPal
508,522,27,2024-05-19,654.8227447422034,Cash
509,520,35,2024-11-13,162.53497514835266,Cash
510,917,45,2024-06-24,650.0697477929252,Debit Card
511,717,35,2024-11-18,190.8251025563345,Cash
512,315,28,2024-06-22,753.0187408897815,PayPal
513,946,9,2024-03-14,345.6967371300532,PayPal
514,709,76,2024-12-16,712.796479047639,Credit Card
515,710,15,2024-05-22,57.386942917046014,Cash
516,542,21,2024-10-18,413.78142533500426,Debit Card
517,479,52,2024-04-21,707.9841770406994,Debit Card
518,913,35,2024-07-24,234.60181116817918,PayPal
519,971,97,2024-05-10,797.3341743492504,Cash
520,20,51,2024-04-19,634.4719357738826,Debit Card
521,560,83,2024-03-07,591.6861544283004,Cash
522,969,55,2024-03-26,360.0133656622938,Cash
523,130,87,2024-10-01,487.6269556773064,Credit Card
524,293,77,2024-08-14,601.3758079680746,Debit Card
525,897,44,2024-11-20,477.73749277574154,Credit Card
526,132,65,2024-01-10,701.3301907011545,Debit Card
527,356,93,2024-12-20,439.35996377589,Cash
528,54,88,2024-10-14,210.25044992461005,Debit Card
529,890,80,2024-04-21,221.79444497303678,PayPal
530,793,25,2024-01-24,15.745731154511681,Cash
531,387,87,2024-10-17,307.94813840308575,Debit Card
532,265,92,2024-12-04,751.4284640737344,Credit Card
533,982,47,2024-11-21,796.2210817492335,Credit Card
534,215,80,2024-06-16,210.44286667479253,Cash
535,460,56,2024-04-18,959.4535569026937,Credit Card
536,458,38,2024-07-08,507.37876554532545,Cash
537,802,11,2024-12-20,917.8089615283176,Cash
538,43,67,2024-07-14,709.6976290430148,Cash
539,586,15,2024-02-02,725.2090887921889,Debit Card
540,862,1,2024-07-23,94.19318509301041,Cash
541,278,7,2024-11-07,227.79121562796138,Credit Card
542,838,1,2024-06-30,18.72668496152791,PayPal
543,754,49,2024-05-26,718.9663640719701,Debit Card
544,130,96,2024-09-24,350.9939055442249,Credit Card
545,350,73,2024-01-11,788.7859909155833,Cash
546,706,29,2024-03-10,345.546857737656,Cash
547,544,26,2024-09-12,821.1404147758725,PayPal
548,106,87,2024-08-06,139.39127121082987,Credit Card
549,912,45,2024-10-23,181.63942518993312,Debit Card
550,716,93,2024-12-27,347.4677741880971,Credit Card
551,1,97,2024-09-15,414.4025149934506,Cash
552,757,71,2024-01-03,355.2157827345486,Debit Card
553,584,12,2024-03-24,766.0105621979876,Cash
554,432,95,2024-06-04,105.98187870044755,Cash
555,306,32,2024-05-30,357.7048494421032,Credit Card
556,909,20,2024-06-24,838.8675995203048,PayPal
557,527,51,2024-07-13,76.12910648955027,Cash
558,53,81,2024-04-16,942.9200725946439,Credit Card
559,940,36,2024-05-13,986.4536738492927,Debit Card
560,520,67,2024-10-02,97.68249208682928,PayPal
561,330,1,2024-12-17,298.3597970331796,Cash
562,558,27,2024-06-03,378.6766593750026,Cash
563,325,40,2024-10-03,778.6274549661988,Debit Card
564,114,97,2024-08-23,599.9675439955665,Credit Card
565,147,84,2024-08-27,647.9220434876416,Cash
566,166,14,2024-01-13,759.9347245903209,Debit Card
567,379,100,2024-12-07,126.79920944265547,Cash
568,139,69,2024-02-04,834.8773623411597,Credit Card
569,629,87,2024-02-16,708.5636061383426,PayPal
570,299,79,2024-08-01,581.5683079444066,Credit Card
571,276,6,2024-05-25,890.8379814352261,Credit Card
572,916,33,2024-06-07,703.303290344969,Credit Card
573,789,55,2024-05-04,209.68296300471516,Debit Card
574,850,19,2024-04-19,435.44792726491005,Cash
575,825,77,2024-02-06,499.10243826637594,PayPal
576,178,29,2024-10-03,64.66545048290159,Debit Card
577,842,61,2024-01-14,955.0911382264552,Credit Card
578,354,70,2024-12-12,137.29148818890968,PayPal
579,154,79,2024-08-19,700.4866545544596,Credit Card
580,926,80,2024-11-11,511.16872572997136,Credit Card
581,201,24,2024-05-03,35.37592738557836,Credit Card
582,878,23,2024-10-05,925.5000011057181,PayPal
583,115,10,2024-04-20,853.3184407307439,Cash
584,671,54,2024-05-03,529.0153486247972,Credit Card
585,554,41,2024-01-30,236.6529127780508,Cash
586,759,49,2024-04-24,130.4066617732933,PayPal
587,68,17,2024-03-30,369.75855463780533,PayPal
588,445,56,2024-07-30,262.8739982356296,Credit Card
589,445,45,2024-02-07,511.62428899623575,Cash
590,326,30,2024-03-23,966.7452031621947,Cash
591,846,44,2024-01-27,579.203958297345,Credit Card
592,708,74,2024-08-04,891.0317453311969,Debit Card
593,602,55,2024-12-25,654.3700491208194,Debit Card
594,623,19,2024-08-02,480.49406132132845,PayPal
595,880,29,2024-08-08,856.0614871060375,PayPal
596,359,2,2024-01-15,476.65442907126754,Debit Card
597,145,36,2024-09-15,869.9418888052573,Debit Card
598,275,19,2024-09-22,298.66100188000763,Debit Card
599,509,7,2024-04-29,137.52494302535823,Credit Card
600,179,26,2024-05-07,856.761319719309,Credit Card
601,753,79,2024-07-29,591.5410121547401,Credit Card
602,838,38,2024-01-11,890.2014742664705,Credit Card
603,831,3,2024-06-24,938.4489349224593,Credit Card
604,477,80,2024-05-12,63.09210646773468,Credit Card
605,843,66,2024-11-20,505.95960884027966,PayPal
606,976,95,2024-11-15,381.21490358378395,Cash
607,414,92,2024-01-14,629.599813099416,PayPal
608,153,71,2024-02-19,795.6552852303003,Cash
609,104,94,2024-03-12,287.78431381462525,PayPal
610,75,43,2024-03-09,561.23040052944,PayPal
611,128,62,2024-01-16,711.6412941058505,Credit Card
612,711,71,2024-11-29,143.08677200737668,Credit Card
613,666,100,2024-12-22,815.9262368917542,Cash
614,568,93,2024-02-25,610.0485038544433,Cash
615,790,24,2024-04-14,950.0420627425153,Credit Card
616,345,39,2024-05-11,346.13362993938637,PayPal
617,531,68,2024-02-17,117.06448291382667,Cash
618,159,93,2024-09-04,511.43618902655606,Debit Card
619,538,44,2024-09-29,94.95266399234445,Debit Card
620,426,5,2024-04-20,969.8312580907667,Debit Card
621,681,55,2024-11-21,48.29810867461962,Cash
622,996,93,2024-12-01,755.968862096235,Credit Card
623,23,30,2024-12-14,529.8513741608216,Credit Card
624,47,29,2024-02-07,374.9344459733058,Credit Card
625,525,26,2024-12-22,75.18374286356811,Cash
626,729,83,2024-08-27,625.9452549318717,Cash
627,834,26,2024-11-13,589.3681260970457,Debit Card
628,706,37,2024-04-30,288.0744403369238,Cash
629,144,91,2024-02-17,911.119484396209,Debit Card
630,585,94,2024-01-10,311.0689072694085,Debit Card
631,668,53,2024-08-20,455.22815648618507,Credit Card
632,589,30,2024-02-05,548.3248313594692,Cash
633,419,3,2024-01-04,109.22955939452324,Credit Card
634,681,43,2024-02-13,932.840102021496,Credit Card
635,973,7,2024-02-25,380.7907909265307,Cash
636,799,49,2024-02-11,89.97142173560017,Cash
637,85,73,2024-09-11,393.4182619385766,PayPal
638,416,41,2024-08-15,604.2005216216548,Debit Card
639,694,77,2024-04-23,518.5161451031163,PayPal
640,482,79,2024-08-24,697.5965542969013,Debit Card
641,456,54,2024-06-22,64.92910264723152,Debit Card
642,827,69,2024-09-11,291.69520416933557,Debit Card
643,297,93,2024-10-03,821.0382710717013,Credit Card
644,112,99,2024-11-30,89.09475091344724,Credit Card
645,962,91,2024-03-09,856.931095148998,Cash
646,230,27,2024-11-21,100.97713115633519,Debit Card
647,96,8,2024-08-17,836.1096727427793,Debit Card
648,950,32,2024-03-07,367.18051706793943,Debit Card
649,680,84,2024-10-30,616.0869726246436,Credit Card
650,378,64,2024-02-05,161.35824449151818,Cash
651,156,10,2024-06-07,75.50703450792903,Credit Card
652,421,13,2024-05-28,223.77882197993372,PayPal
653,105,63,2024-01-27,136.57527972960858,PayPal
654,705,93,2024-03-12,319.28183870283544,PayPal
655,330,35,2024-09-04,519.2394140459099,Cash
656,439,61,2024-04-10,592.8718689293594,PayPal
657,132,54,2024-07-08,791.9694263059455,Cash
658,867,8,2024-04-05,659.677494315875,Credit Card
659,382,29,2024-10-08,612.6707418782574,Credit Card
660,138,95,2024-11-17,417.6642072109169,Cash
661,943,41,2024-10-04,479.07035061053733,Credit Card
662,843,30,2024-01-17,420.3756210962793,Credit Card
663,270,86,2024-09-19,843.7443697607692,Cash
664,550,21,2024-04-16,237.70044802291585,PayPal
665,396,76,2024-03-08,15.663722226544978,Cash
666,557,11,2024-05-07,654.806698253977,Debit Card
667,913,2,2024-10-19,210.43756180244307,Credit Card
668,464,50,2024-10-20,891.2139849467112,Cash
669,675,41,2024-04-05,860.4558664095895,Credit Card
670,450,66,2024-01-01,85.96009820892382,PayPal
671,331,98,2024-10-24,115.32452135993657,Credit Card
672,253,3,2024-06-28,500.2198763241996,Cash
673,681,80,2024-06-29,613.1304361416611,PayPal
674,963,51,2024-08-22,282.15925410741835,PayPal
675,285,68,2024-11-14,719.6297395323769,PayPal
676,274,87,2024-12-02,598.9668607096828,Debit Card
677,20,84,2024-01-08,331.57586865106913,Cash
678,239,25,2024-01-27,35.11777316189244,Cash
679,270,30,2024-11-03,752.6487784855325,PayPal
680,418,82,2024-05-25,222.6061291668319,Credit Card
681,945,11,2024-03-31,836.1290060280021,PayPal
682,310,93,2024-12-07,426.0873574537126,Debit Card
683,31,17,2024-09-28,581.3066682054477,PayPal
684,826,26,2024-11-17,874.2192431049119,Cash
685,104,23,2024-01-05,864.9867709107539,PayPal
686,682,56,2024-03-22,377.8043794911375,Credit Card
687,186,52,2024-08-06,216.8000037876947,Cash
688,128,48,2024-04-27,777.3946169513088,Credit Card
689,210,20,2024-03-21,438.74940156610984,PayPal
690,414,2,2024-03-10,200.12157362341404,Cash
691,281,88,2024-04-24,905.3810888939787,Debit Card
692,959,31,2024-09-19,206.1231522986765,Cash
693,253,27,2024-11-01,35.549096509318765,Credit Card
694,19,2,2024-05-21,30.07717402974577,Cash
695,712,78,2024-07-25,626.0922028897216,Debit Card
696,732,4,2024-04-20,665.058310110355,Debit Card
697,136,13,2024-10-29,317.9312880064141,Debit Card
698,223,100,2024-04-21,326.81087935459277,Debit Card
699,3,35,2024-02-12,346.0989759093433,Credit Card
700,963,72,2024-12-12,683.3569612912898,Cash
701,236,66,2024-10-11,67.5524531165603,PayPal
702,854,6,2024-05-07,929.8251891644123,Debit Card
703,465,31,2024-07-03,230.29583373567198,PayPal
704,228,10,2024-08-16,999.6764731896714,PayPal
705,913,21,2024-08-08,179.80746684931512,Cash
706,654,74,2024-12-17,773.8309927392537,PayPal
707,499,23,2024-04-26,231.17841948032878,PayPal
708,521,3,2024-03-10,90.03833362682144,Credit Card
709,702,32,2024-03-10,876.1839911071423,PayPal
710,862,20,2024-04-19,860.163746598983,Cash
711,917,74,2024-05-11,409.53468852510537,PayPal
712,972,29,2024-02-25,705.3721811150225,Cash
713,677,52,2024-03-29,561.495273357078,Debit Card
714,992,46,2024-05-16,854.4265525370113,PayPal
715,139,34,2024-05-10,321.9054096254679,PayPal
716,276,84,2024-08-05,528.4356759989953,PayPal
717,291,61,2024-06-24,490.51864749250495,Debit Card
718,53,72,2024-06-19,360.36676799429017,Credit Card
719,687,71,2024-04-09,892.5405139108085,PayPal
720,110,70,2024-05-08,174.21914541591013,Cash
721,715,11,2024-02-26,158.01355312548918,Credit Card
722,948,82,2024-06-29,581.1404399695239,Credit Card
723,648,93,2024-09-02,660.9192876850926,Credit Card
724,4,89,2024-05-23,202.67306178131952,PayPal
725,667,63,2024-02-20,396.8102678320779,Debit Card
726,684,21,2024-08-05,947.0982045489563,Debit Card
727,936,3,2024-04-13,254.15124846376725,PayPal
728,870,82,2024-02-24,671.6770950962201,Cash
729,47,88,2024-09-13,742.7478997606149,Cash
730,94,10,2024-12-11,453.64741247050796,Cash
731,940,27,2024-06-04,938.1507268919871,PayPal
732,560,12,2024-02-22,739.2901678666026,Debit Card
733,752,7,2024-11-24,463.3453340622889,PayPal
734,859,17,2024-07-05,573.641849758333,Debit Card
735,213,65,2024-12-29,695.6873089908497,Credit Card
736,436,64,2024-05-29,596.2682786249261,PayPal
737,852,26,2024-09-20,879.9106079878151,Debit Card
738,508,15,2024-09-06,363.3197756575972,Credit Card
739,836,33,2024-10-24,306.8868826552469,Credit Card
740,651,62,2024-07-29,221.70050060031167,PayPal
741,205,47,2024-01-25,47.405138383949186,Debit Card
742,381,95,2024-10-20,52.58382473625478,Credit Card
743,73,35,2024-12-06,871.35464117819,PayPal
744,516,65,2024-05-31,681.6092149418482,Credit Card
745,76,72,2024-01-24,663.9270912821213,Cash
746,841,76,2024-09-08,618.4963907455372,PayPal
747,77,83,2024-02-29,850.7269532471638,Credit Card
748,816,25,2024-03-06,485.46425640897115,PayPal
749,768,57,2024-02-22,871.7067202727173,PayPal
750,410,32,2024-04-15,365.85057592041676,Debit Card
751,614,63,2024-04-05,927.4404292956997,Debit Card
752,106,12,2024-06-24,701.6704102804277,Credit Card
753,845,63,2024-02-08,264.605364664183,PayPal
754,551,77,2024-06-16,568.4440724717389,PayPal
755,476,92,2024-02-11,537.700255873373,Cash
756,826,1,2024-04-13,146.51983351303062,PayPal
757,275,51,2024-11-28,595.3304766931079,Debit Card
758,88,70,2024-07-22,321.63776747978835,PayPal
759,723,8,2024-01-08,61.82527914150641,Debit Card
760,881,68,2024-10-08,949.1695961294993,Cash
761,77,5,2024-02-12,645.0754653736449,Credit Card
762,77,89,2024-04-19,878.1497425521386,Debit Card
763,442,86,2024-07-28,679.2954449631206,Credit Card
764,540,92,2024-08-24,363.41385521871183,Credit Card
765,245,39,2024-12-21,517.5611916055233,Credit Card
766,578,23,2024-11-14,678.9892927437053,Credit Card
767,778,68,2024-02-18,960.6498019494231,Debit Card
768,382,52,2024-04-24,261.1327645304795,Cash
769,982,4,2024-06-03,876.2272880378765,PayPal
770,717,47,2024-05-16,924.8370272413267,Debit Card
771,570,21,2024-06-15,673.7113595123669,Cash
772,713,56,2024-11-16,931.9539611273244,PayPal
773,737,66,2024-07-17,403.8998016025948,Credit Card
774,142,59,2024-03-11,953.4860142800384,PayPal
775,893,7,2024-01-07,705.7550483943152,PayPal
776,368,49,2024-07-18,51.585709744623784,Cash
777,84,16,2024-12-01,907.8041035008622,PayPal
778,143,17,2024-03-07,489.62808094286066,Credit Card
779,352,84,2024-05-17,465.72371493005454,Debit Card
780,545,87,2024-08-29,570.8019399198379,Debit Card
781,913,98,2024-07-31,157.89070130351564,Cash
782,152,75,2024-06-29,474.47438808172467,Credit Card
783,158,34,2024-09-10,832.8159445505682,Credit Card
784,446,33,2024-04-10,25.32763454614018,PayPal
785,653,26,2024-12-16,280.18798872112757,Cash
786,958,66,2024-03-27,12.430040579405778,Credit Card
787,763,63,2024-07-03,421.5541960583499,Credit Card
788,303,87,2024-03-31,731.0323553887973,Credit Card
789,624,41,2024-09-04,800.7841108234823,Debit Card
790,656,86,2024-08-01,945.7378635157365,Debit Card
791,450,58,2024-12-24,612.4195668410787,Debit Card
792,721,98,2024-09-05,262.0805979863665,PayPal
793,224,79,2024-05-05,924.906469645332,PayPal
794,43,10,2024-01-04,777.5625963415723,PayPal
795,264,15,2024-03-28,578.684198173113,Credit Card
796,756,42,2024-05-30,698.6838135617467,Debit Card
797,3,93,2024-06-24,925.0731914573548,Credit Card
798,637,57,2024-07-29,715.2700881881924,Credit Card
799,268,87,2024-09-15,374.6907625088867,Cash
800,596,17,2024-03-31,715.8979202662057,Credit Card
801,16,60,2024-09-15,49.87538110803399,PayPal
802,334,9,2024-07-09,392.5514062122754,Debit Card
803,464,36,2024-03-21,412.2598015271235,Debit Card
804,59,73,2024-05-17,175.16985207662634,Credit Card
805,177,80,2024-12-15,32.854625746252474,PayPal
806,63,36,2024-05-05,142.0474242713654,PayPal
807,958,48,2024-12-21,658.0752808390845,PayPal
808,561,51,2024-11-04,804.2659282000507,Debit Card
809,307,97,2024-12-08,988.3214577997044,PayPal
810,246,95,2024-08-17,352.89986807740934,PayPal
811,289,70,2024-12-10,603.3854300384908,Credit Card
812,798,74,2024-11-05,937.7735171469707,Cash
813,955,80,2024-01-20,175.37136352477108,PayPal
814,332,68,2024-02-18,720.4691304793153,Credit Card
815,527,22,2024-05-14,757.4289458176715,Credit Card
816,850,77,2024-01-29,98.085780510645,PayPal
817,255,80,2024-02-17,862.6368913312344,Cash
818,604,93,2024-09-25,814.9739966397354,Debit Card
819,510,6,2024-01-03,43.068976511660104,Cash
820,791,26,2024-09-14,100.17357073125096,PayPal
821,718,75,2024-01-16,58.635624952933796,Cash
822,606,88,2024-04-03,341.3960964813686,Credit Card
823,737,93,2024-12-23,514.1961007731269,Credit Card
824,813,3,2024-05-13,537.0242506750825,Cash
825,830,52,2024-10-27,274.99009217174824,Debit Card
826,463,74,2024-11-22,912.4809176946715,Cash
827,199,60,2024-05-12,374.58016197319404,PayPal
828,271,63,2024-11-07,55.094654405698975,Debit Card
829,746,65,2024-02-01,307.2248404259725,Cash
830,558,52,2024-10-31,535.798328318714,Cash
831,64,90,2024-09-25,414.1396043623497,Debit Card
832,230,76,2024-01-25,281.1040939082666,Cash
833,942,14,2024-11-11,140.01001726667425,PayPal
834,952,89,2024-02-28,820.9728550952675,Credit Card
835,249,72,2024-07-31,996.18378970295,PayPal
836,246,68,2024-06-04,336.24671218864324,Cash
837,940,28,2024-11-09,387.80483373483787,Credit Card
838,587,71,2024-10-02,621.8571494301875,Debit Card
839,157,10,2024-07-28,721.2570599881859,PayPal
840,735,57,2024-02-26,398.1092394555553,Debit Card
841,702,100,2024-07-03,905.8802218119971,Credit Card
842,985,66,2024-02-23,564.4039493366291,Cash
843,564,90,2024-07-27,455.88617564187166,Credit Card
844,950,50,2024-12-07,650.2060256283061,Credit Card
845,88,14,2024-10-19,953.2758097666815,Debit Card
846,313,16,2024-12-05,796.6067714774885,PayPal
847,851,54,2024-10-30,49.612999229773095,Credit Card
848,66,43,2024-09-08,338.98681163256003,Cash
849,662,42,2024-10-30,475.83923810171046,Credit Card
850,20,81,2024-04-21,321.3723964870142,Debit Card
851,33,22,2024-12-31,703.185685222152,PayPal
852,840,68,2024-01-06,828.0064583639552,Cash
853,793,19,2024-07-09,734.0316442334189,Debit Card
854,558,66,2024-11-29,989.4399539599925,Credit Card
855,73,39,2024-10-05,279.8221714140988,Credit Card
856,866,73,2024-12-05,876.2396000741772,PayPal
857,825,19,2024-01-13,768.9564385227413,Debit Card
858,343,16,2024-10-29,368.5569699825646,Debit Card
859,133,54,2024-02-13,736.7832982203989,PayPal
860,55,25,2024-04-14,113.0351968540645,Cash
861,61,18,2024-06-08,791.4401475171468,Debit Card
862,857,23,2024-06-02,537.0072965612316,PayPal
863,520,85,2024-08-29,299.3672709821606,Debit Card
864,272,11,2024-06-29,659.2195287663384,PayPal
865,246,39,2024-01-14,645.2037987272649,Credit Card
866,176,68,2024-06-28,217.39136049240372,Credit Card
867,628,25,2024-10-18,40.093440663410874,Debit Card
868,317,63,2024-09-20,439.2863610326571,Debit Card
869,783,96,2024-06-16,573.816750650977,Credit Card
870,705,30,2024-08-01,877.8392255868924,Cash
871,662,45,2024-05-29,928.9346276911184,PayPal
872,131,90,2024-01-16,533.5171659751987,Cash
873,102,61,2024-03-31,756.2654489308594,Cash
874,310,100,2024-04-29,444.91023960471693,Cash
875,782,51,2024-09-09,748.621335007164,Credit Card
876,292,98,2024-02-29,212.75350968977526,Debit Card
877,722,9,2024-09-22,377.3540874554961,Cash
878,495,76,2024-01-31,637.8857188254786,Credit Card
879,361,2,2024-01-21,27.97638595100804,PayPal
880,338,5,2024-08-06,725.2366972355644,Debit Card
881,579,62,2024-03-21,837.180146255485,PayPal
882,10,69,2024-10-15,405.15024448301193,Cash
883,49,52,2024-01-31,453.46299300539266,Debit Card
884,487,86,2024-08-21,852.7693900943657,Cash
885,623,5,2024-02-05,777.898088972773,Debit Card
886,321,59,2024-05-11,295.2679941430413,Cash
887,731,68,2024-11-19,330.73634549592356,PayPal
888,569,9,2024-12-11,682.0894500666907,PayPal
889,795,93,2024-05-11,567.5661115236796,Cash
890,971,22,2024-01-09,170.60727538553198,Debit Card
891,625,27,2024-01-30,316.8306101368747,PayPal
892,133,10,2024-04-24,900.9834441098676,Debit Card
893,583,80,2024-10-27,691.2926923550408,Debit Card
894,83,61,2024-01-04,986.1145745086643,PayPal
895,57,51,2024-11-20,769.3424046809617,Credit Card
896,376,10,2024-08-24,942.5546878221543,Credit Card
897,349,6,2024-01-23,224.02668813177064,Debit Card
898,271,62,2024-01-16,773.7700260687565,PayPal
899,483,5,2024-01-22,30.015344946319455,Credit Card
900,111,70,2024-03-12,674.0524214944186,Cash
901,869,63,2024-10-30,474.589455339039,Debit Card
902,887,56,2024-08-17,353.29247120086796,Credit Card
903,76,59,2024-04-16,863.7803087701582,PayPal
904,158,63,2024-07-26,855.7250157309553,PayPal
905,532,89,2024-07-26,32.07868784965714,Debit Card
906,933,59,2024-09-19,613.4100712249367,PayPal
907,643,51,2024-02-20,374.15390207774686,Cash
908,329,50,2024-03-05,421.50439148544467,Cash
909,122,4,2024-09-21,833.7203318265882,Credit Card
910,41,48,2024-12-03,316.7413738124015,PayPal
911,167,32,2024-10-27,943.618322531244,Cash
912,922,51,2024-06-23,187.83748810841936,Debit Card
913,642,52,2024-05-31,666.0951991344959,PayPal
914,23,99,2024-09-22,675.3840163436271,Credit Card
915,279,74,2024-11-24,259.673209813639,Debit Card
916,763,34,2024-10-30,331.50310287752995,Debit Card
917,469,36,2024-06-11,836.450507654141,Debit Card
918,400,70,2024-12-08,764.1872024054029,Cash
919,9,43,2024-08-25,335.80492151161195,Debit Card
920,13,16,2024-07-17,538.6169814655846,Cash
921,924,59,2024-01-16,71.06349329056451,Debit Card
922,923,53,2024-11-04,216.65842357464294,Cash
923,819,19,2024-10-22,490.9623532717951,PayPal
924,832,98,2024-12-21,95.11399792641947,Cash
925,52,89,2024-10-02,844.8990313430181,Cash
926,209,95,2024-08-26,720.8261480065714,PayPal
927,550,41,2024-03-09,944.1973339420099,Debit Card
928,612,81,2024-10-27,696.5322369043869,PayPal
929,705,47,2024-01-06,940.9973585395637,Debit Card
930,402,94,2024-08-07,558.9674301340553,Cash
931,191,54,2024-09-10,604.2164249513497,Debit Card
932,51,55,2024-10-21,977.2013440799983,Cash
933,393,95,2024-12-23,645.7078553956178,Debit Card
934,653,19,2024-04-16,40.478703172139134,Cash
935,680,62,2024-10-21,726.564748864218,Cash
936,823,99,2024-04-27,906.4140052160415,Credit Card
937,621,93,2024-06-16,797.6244472963833,Debit Card
938,719,59,2024-09-07,587.9949398991683,Debit Card
939,939,65,2024-03-22,674.5904779625812,Credit Card
940,300,68,2024-02-23,990.289871359155,Cash
941,622,28,2024-08-27,99.75546762424494,Cash
942,196,18,2024-12-31,670.5723803469072,Credit Card
943,417,26,2024-01-12,290.5637176248879,Credit Card
944,664,19,2024-07-27,643.6894926203083,PayPal
945,420,55,2024-06-13,611.5473401250994,Cash
946,755,57,2024-12-31,161.92226378708045,PayPal
947,640,6,2024-10-20,214.67917928283677,Debit Card
948,617,1,2024-01-07,625.4132822627814,PayPal
949,522,8,2024-03-18,136.9476478307364,Credit Card
950,356,97,2024-03-05,272.52906637901964,Credit Card
951,148,51,2024-04-11,836.8930922606224,Credit Card
952,365,85,2024-12-22,333.82059094162224,Credit Card
953,364,88,2024-10-26,493.1795547069663,PayPal
954,971,25,2024-10-13,941.7289317943819,PayPal
955,652,47,2024-06-19,234.87759794857683,PayPal
956,702,55,2024-03-17,395.7297571844303,Credit Card
957,402,64,2024-02-17,610.3931977881102,Credit Card
958,606,83,2024-09-11,757.7855402089325,Cash
959,492,93,2024-03-22,902.6368528455781,Cash
960,229,10,2024-07-27,916.31825769778,Credit Card
961,575,56,2024-07-27,778.8736736288968,Cash
962,852,12,2024-03-24,236.04752822737734,Debit Card
963,537,33,2024-01-10,34.561236742140146,Debit Card
964,268,71,2024-01-29,389.93619105206756,Credit Card
965,405,17,2024-10-30,150.1333624779451,PayPal
966,793,61,2024-04-25,713.2837709639151,Debit Card
967,11,10,2024-09-25,664.5192809574596,Debit Card
968,320,31,2024-02-16,53.53192520524029,PayPal
969,713,60,2024-12-24,838.2278413396416,Cash
970,126,70,2024-03-31,256.25583362827047,PayPal
971,306,17,2024-02-22,437.9048047361318,Cash
972,702,50,2024-08-05,671.254398101185,Cash
973,511,37,2024-12-13,435.1245989837308,PayPal
974,89,82,2024-03-17,446.87492477194394,Cash
975,355,62,2024-07-22,74.97171538238297,Debit Card
976,628,90,2024-02-13,407.42911376740375,Credit Card
977,352,80,2024-06-04,767.1994142877836,Cash
978,689,72,2024-01-02,916.0245738147318,Debit Card
979,14,88,2024-12-22,419.3621656927381,PayPal
980,257,77,2024-11-08,429.3499686102881,Cash
981,209,29,2024-02-26,705.6008352604156,Debit Card
982,281,32,2024-10-16,943.3442810942238,Cash
983,443,88,2024-02-27,274.3903308369666,PayPal
984,840,80,2024-09-10,445.7427644725575,Credit Card
985,837,11,2024-06-28,798.0135111167781,Cash
986,389,96,2024-06-05,613.5966336802982,Credit Card
987,617,6,2024-02-04,119.48048052431518,Cash
988,483,35,2024-03-15,631.455408206643,Cash
989,147,33,2024-10-15,194.87882175135363,PayPal
990,279,18,2024-03-15,515.1137747376201,Cash
991,521,37,2024-11-24,533.8122349838341,Debit Card
992,630,13,2024-03-18,877.441328602735,Debit Card
993,606,74,2024-09-11,467.8693312723138,Credit Card
994,434,90,2024-09-21,286.6479980135353,Credit Card
995,144,81,2024-10-30,238.65668473387126,Debit Card
996,289,64,2024-03-07,875.5093579174928,Credit Card
997,386,1,2024-08-08,179.3007458740461,Credit Card
998,14,63,2024-06-12,431.6098752743123,Debit Card
999,257,89,2024-08-07,195.30138377767753,Debit Card
1000,346,34,2024-06-20,775.5709997132316,Debit Card
1001,698,10,2024-09-10,479.6289135748728,PayPal
1002,345,84,2024-07-28,357.63225365124396,PayPal
1003,400,7,2024-07-06,367.48864422020216,Debit Card
1004,207,56,2024-07-09,853.6920646557496,Cash
1005,858,80,2024-08-02,558.2362147514937,Debit Card
1006,943,37,2024-03-26,720.689172619951,PayPal
1007,172,29,2024-04-15,898.0681310881777,Credit Card
1008,464,12,2024-11-27,902.7242592802356,Cash
1009,270,17,2024-10-22,335.2239637944845,Cash
1010,221,48,2024-01-19,952.9267505149214,Credit Card
1011,152,84,2024-02-16,34.62712319445939,Cash
1012,623,26,2024-03-05,383.067205406004,Credit Card
1013,183,83,2024-05-25,896.8408689337532,PayPal
1014,399,12,2024-10-12,281.8905110188131,Cash
1015,851,21,2024-03-06,280.35063581810516,Cash
1016,72,42,2024-01-05,309.5960622310698,Credit Card
1017,418,61,2024-04-02,616.1902509984529,Credit Card
1018,898,58,2024-12-18,443.94944785821025,PayPal
1019,283,54,2024-04-03,729.4674879898091,Credit Card
1020,74,34,2024-04-15,895.9615361390191,Credit Card
1021,355,7,2024-05-12,677.4573811934321,PayPal
1022,727,35,2024-12-06,212.42205299559976,Debit Card
1023,497,15,2024-11-09,933.3550833368972,Debit Card
1024,328,65,2024-03-19,271.8479446140037,Credit Card
1025,988,90,2024-07-30,158.39535237487655,PayPal
1026,535,99,2024-01-08,99.06760607235128,Debit Card
1027,580,25,2024-06-07,567.749903259504,PayPal
1028,910,59,2024-09-24,122.62483785584529,Credit Card
1029,447,79,2024-05-28,147.38812527150444,Credit Card
1030,373,86,2024-12-15,307.03017578954166,PayPal
1031,362,6,2024-03-31,288.8364795876192,Cash
1032,93,52,2024-08-23,608.1971152288208,Credit Card
1033,321,79,2024-10-15,818.5778266779547,Credit Card
1034,324,88,2024-12-21,763.7361596408634,Credit Card
1035,384,21,2024-06-16,269.85961016931196,Credit Card
1036,575,71,2024-07-11,252.85739300612013,PayPal
1037,736,93,2024-07-05,966.1336148058979,PayPal
1038,737,96,2024-09-27,18.153879176040522,PayPal
1039,881,32,2024-04-23,880.9233277296137,PayPal
1040,346,53,2024-01-11,207.73123393118092,Cash
1041,849,59,2024-02-24,947.8114798588701,PayPal
1042,103,69,2024-09-14,348.8842119792445,PayPal
1043,215,62,2024-03-05,445.9482561543198,Credit Card
1044,192,4,2024-06-20,710.0494078049371,Cash
1045,672,86,2024-09-28,591.7923609585278,Credit Card
1046,884,18,2024-05-29,324.7599364097546,Cash
1047,719,99,2024-12-27,558.2926067091453,Debit Card
1048,781,81,2024-05-25,733.3998155192573,Cash
1049,194,56,2024-07-27,51.911596443467175,Cash
1050,380,24,2024-10-12,21.087312203147075,Credit Card
1051,403,66,2024-01-10,463.4862696821624,Cash
1052,664,13,2024-08-14,140.51825162547905,Cash
1053,749,62,2024-07-04,667.7008485500672,Credit Card
1054,600,54,2024-03-02,221.91193166515984,Debit Card
1055,11,15,2024-03-25,438.52259572771425,Debit Card
1056,187,69,2024-05-13,205.69422750552627,Debit Card
1057,726,3,2024-11-18,552.9987498916332,Cash
1058,15,37,2024-10-23,124.89292479072321,Credit Card
1059,778,37,2024-06-19,32.87578425960545,Debit Card
1060,297,3,2024-07-31,60.62032172563021,Debit Card
1061,411,63,2024-01-18,954.7158571001568,Debit Card
1062,956,35,2024-11-09,150.86335642482646,Debit Card
1063,585,52,2024-02-29,711.3934706054669,Credit Card
1064,52,87,2024-03-28,77.24694218059798,Debit Card
1065,640,28,2024-01-27,117.07874871283035,Cash
1066,28,94,2024-03-08,513.7874888952414,Cash
1067,577,18,2024-10-04,470.2222208528002,Credit Card
1068,17,36,2024-02-09,952.0645063454709,PayPal
1069,351,33,2024-04-18,945.38709849053,Debit Card
1070,428,64,2024-03-14,781.8125561170405,Debit Card
1071,650,26,2024-03-06,606.0808118260762,Cash
1072,831,48,2024-06-16,460.4107142190809,Credit Card
1073,229,40,2024-09-18,362.61674898513684,PayPal
1074,766,17,2024-09-30,947.6166715057999,Cash
1075,989,40,2024-12-02,606.8797233104387,PayPal
1076,210,7,2024-12-23,583.2818024091346,Credit Card
1077,431,57,2024-08-24,239.58211055122572,Credit Card
1078,294,8,2024-08-02,56.23083970626194,Credit Card
1079,743,56,2024-12-31,945.736693961949,Cash
1080,753,31,2024-10-12,320.59790625620735,Credit Card
1081,582,59,2024-05-28,448.16313309121415,Cash
1082,104,58,2024-11-13,123.49354414984977,Cash
1083,204,12,2024-04-16,838.555086610199,Debit Card
1084,53,48,2024-05-20,37.35551452737132,Cash
1085,974,31,2024-03-16,835.6508544781055,Cash
1086,940,83,2024-01-09,148.88216266008712,Debit Card
1087,375,63,2024-07-14,887.6984715048405,PayPal
1088,842,74,2024-10-21,732.4749109627958,Debit Card
1089,54,39,2024-10-06,173.02355988223204,Debit Card
1090,276,76,2024-04-27,570.1598129308734,Credit Card
1091,335,20,2024-10-16,319.52975121166725,Credit Card
1092,31,48,2024-03-01,186.4507679224676,Debit Card
1093,135,71,2024-11-30,860.5903774169973,Credit Card
1094,58,54,2024-11-01,409.4875388421571,Debit Card
1095,105,78,2024-02-20,404.55827722172864,Credit Card
1096,266,75,2024-02-21,178.1878080585538,Cash
1097,522,71,2024-05-01,389.23501932492087,Credit Card
1098,496,29,2024-06-15,872.9006778655616,Credit Card
1099,253,74,2024-01-08,369.49742338473953,Cash
1100,295,93,2024-02-14,952.0875268747902,Debit Card
1101,668,73,2024-12-09,946.8458102163036,Credit Card
1102,158,100,2024-09-01,153.44967271427257,Credit Card
1103,549,48,2024-10-10,185.53814098741842,Cash
1104,631,74,2024-04-16,864.0473296285702,Cash
1105,67,83,2024-01-27,398.833309735472,Cash
1106,754,56,2024-07-11,14.330242460179242,PayPal
1107,299,95,2024-12-02,281.1331015083173,Cash
1108,463,17,2024-12-22,601.6527032636044,Debit Card
1109,725,9,2024-03-02,801.2733063003683,Credit Card
1110,820,97,2024-03-02,142.05473092232697,Credit Card
1111,101,34,2024-10-08,119.43595077256799,PayPal
1112,56,45,2024-04-30,922.8717270366083,Credit Card
1113,332,88,2024-10-06,753.6368841443568,Credit Card
1114,836,9,2024-02-08,593.8818047702977,Debit Card
1115,751,7,2024-10-03,771.4949220959687,Credit Card
1116,393,16,2024-04-03,434.56581769357206,Debit Card
1117,743,19,2024-04-24,760.8711898360353,PayPal
1118,874,6,2024-06-24,378.0849613617904,Debit Card
1119,381,11,2024-04-30,251.65362676767634,Cash
1120,92,76,2024-01-13,731.723287080039,Cash
1121,791,61,2024-06-11,425.4755692356956,PayPal
1122,447,42,2024-10-01,981.563333282933,Credit Card
1123,109,13,2024-06-24,355.99033048501997,Debit Card
1124,317,12,2024-12-02,922.5101463257553,Cash
1125,168,85,2024-11-19,933.6329230814086,Debit Card
1126,812,74,2024-06-21,249.43441759409868,Cash
1127,982,20,2024-10-01,800.2389697721333,Debit Card
1128,920,50,2024-03-04,438.7437600931195,Credit Card
1129,435,36,2024-04-10,918.3494799580445,PayPal
1130,442,92,2024-11-17,455.6230299088864,Credit Card
1131,218,88,2024-03-06,746.8606801639925,Debit Card
1132,222,69,2024-11-26,472.29773507215987,Cash
1133,673,37,2024-02-14,235.5227481557276,Cash
1134,528,12,2024-03-27,207.35662765523944,PayPal
1135,278,99,2024-03-07,431.17688231378213,Credit Card
1136,569,40,2024-09-15,757.9397104440727,Credit Card
1137,574,54,2024-07-23,609.0207703289591,Credit Card
1138,875,2,2024-06-26,691.7429970015379,Cash
1139,466,50,2024-10-06,289.503087224623,PayPal
1140,839,41,2024-12-09,486.62099249802947,Cash
1141,754,45,2024-01-17,53.95131231963373,Credit Card
1142,602,9,2024-10-22,819.3570917985395,Debit Card
1143,584,62,2024-07-20,989.9932406174759,Cash
1144,838,86,2024-06-20,412.8102719984242,PayPal
1145,30,47,2024-09-18,20.854016600227915,Credit Card
1146,359,5,2024-07-12,178.0947131554379,Debit Card
1147,919,76,2024-05-28,656.0016089729147,Cash
1148,288,1,2024-02-04,615.9585250218206,Debit Card
1149,86,44,2024-01-29,789.9860723896885,Debit Card
1150,234,22,2024-09-19,261.34517085145745,PayPal
1151,747,38,2024-08-08,765.9955963916627,Cash
1152,313,19,2024-02-22,691.1041813084331,PayPal
1153,365,80,2024-10-05,329.58635273670484,Credit Card
1154,777,31,2024-12-18,550.0332665763924,Debit Card
1155,799,67,2024-03-16,155.80107041334344,PayPal
1156,839,87,2024-06-24,458.03885840122683,PayPal
1157,905,42,2024-01-10,882.3853661600846,Credit Card
1158,269,82,2024-04-26,426.9794660271369,Cash
1159,698,26,2024-10-06,841.1710394106677,PayPal
1160,131,13,2024-08-05,594.3508316070975,Debit Card
1161,803,58,2024-06-23,199.9579459713332,Debit Card
1162,993,18,2024-08-21,585.2951822509175,Debit Card
1163,789,67,2024-09-08,510.92349586549284,Debit Card
1164,832,87,2024-10-21,404.6549218444202,PayPal
1165,351,3,2024-11-17,128.43413512090962,Debit Card
1166,180,55,2024-01-06,422.54157720875753,PayPal
1167,802,89,2024-01-21,82.03475247723084,Cash
1168,480,91,2024-03-13,107.78136088476374,Debit Card
1169,889,58,2024-11-25,421.75736760338884,Cash
1170,163,63,2024-02-05,312.3276671487791,PayPal
1171,783,91,2024-08-20,926.2888826036012,Credit Card
1172,888,52,2024-08-03,381.9487473264678,Cash
1173,96,89,2024-07-24,760.2795408513791,Debit Card
1174,774,24,2024-02-13,534.9450511025804,Credit Card
1175,510,72,2024-03-31,707.0448119559121,Cash
1176,365,9,2024-11-11,267.5148231852452,PayPal
1177,981,37,2024-04-02,942.4859231099458,PayPal
1178,353,94,2024-12-04,534.7876119452797,PayPal
1179,800,83,2024-03-23,833.0108305723971,Cash
1180,436,53,2024-11-28,371.39523654135235,PayPal
1181,83,80,2024-10-08,109.2092355600193,Cash
1182,225,24,2024-01-21,676.9745312436403,Debit Card
1183,412,21,2024-08-15,17.68205185405024,Debit Card
1184,735,100,2024-05-09,480.5400467998532,Cash
1185,981,40,2024-06-23,200.87388363979466,Cash
1186,118,62,2024-04-17,631.1017493910085,Credit Card
1187,482,70,2024-10-09,979.6256744064736,PayPal
1188,192,69,2024-03-11,469.7588772574395,Debit Card
1189,591,14,2024-02-19,819.32327396041,Debit Card
1190,590,42,2024-04-04,512.7063450816098,Credit Card
1191,659,50,2024-10-05,500.88163079298386,Cash
1192,107,61,2024-12-02,931.1192582469901,Cash
1193,382,4,2024-05-11,891.0662100592147,Credit Card
1194,783,72,2024-10-02,787.9424605360947,PayPal
1195,390,88,2024-01-13,303.2931957836163,Cash
1196,244,75,2024-01-03,549.5583315667011,Cash
1197,585,17,2024-08-11,231.65826097262817,PayPal
1198,869,85,2024-06-23,449.4775310660744,PayPal
1199,468,57,2024-03-30,489.37093510219273,Credit Card
1200,866,90,2024-08-28,833.3236397676376,Credit Card
1201,934,48,2024-02-04,897.0680816717431,Credit Card
1202,538,44,2024-01-14,420.4738617725131,Cash
1203,210,45,2024-07-13,27.527400622504835,Credit Card
1204,604,91,2024-11-01,863.1561013914611,Cash
1205,637,80,2024-11-29,182.5358917163471,Debit Card
1206,947,90,2024-07-31,625.6631442514896,PayPal
1207,73,33,2024-01-03,34.72119142978988,PayPal
1208,992,31,2024-06-27,405.5114105079586,Debit Card
1209,635,47,2024-02-09,986.1006990941963,Credit Card
1210,309,6,2024-06-12,109.68666509276507,Cash
1211,696,72,2024-11-02,429.4562204796459,Cash
1212,699,71,2024-08-22,314.07845068805267,Cash
1213,710,34,2024-09-13,906.0372421543816,PayPal
1214,590,53,2024-12-25,870.6467068282816,Credit Card
1215,860,14,2024-04-25,245.32177270316654,Cash
1216,186,16,2024-02-21,90.37590917992686,Cash
1217,856,43,2024-05-21,630.8670101205063,Cash
1218,253,73,2024-03-26,343.00502476487264,Debit Card
1219,13,74,2024-02-15,675.3635467000024,Cash
1220,299,81,2024-11-27,41.79855850713633,Debit Card
1221,76,12,2024-08-25,142.06524282571453,Cash
1222,51,70,2024-01-10,689.508510444917,Cash
1223,787,19,2024-05-31,220.24694874947278,Cash
1224,149,41,2024-03-01,859.0117990047776,Debit Card
1225,731,53,2024-01-18,68.00497883303407,Cash
1226,122,29,2024-03-26,223.32716295771888,Credit Card
1227,211,70,2024-05-16,998.574646000218,Cash
1228,280,59,2024-08-17,438.7453415609247,Debit Card
1229,538,89,2024-05-07,705.9360069091971,Debit Card
1230,685,64,2024-04-13,190.83641836844353,Credit Card
1231,156,24,2024-07-04,613.7700476356823,PayPal
1232,238,89,2024-06-26,728.8450076857243,Credit Card
1233,376,16,2024-12-22,321.33186950784545,Credit Card
1234,82,52,2024-01-06,830.608140856119,Debit Card
1235,492,80,2024-12-06,607.3834026875604,Cash
1236,356,6,2024-11-02,395.23177951887993,Cash
1237,925,37,2024-02-05,562.065969409727,PayPal
1238,273,85,2024-11-22,580.993238961565,PayPal
1239,580,4,2024-12-21,173.87993976692735,PayPal
1240,44,98,2024-10-07,408.70504616829646,PayPal
1241,573,92,2024-10-26,349.99628213929816,Credit Card
1242,123,38,2024-01-14,406.8936953533348,Credit Card
1243,349,41,2024-08-24,763.4994826004054,Cash
1244,708,92,2024-10-11,487.71302339200594,Credit Card
1245,330,81,2024-11-25,940.9129917068717,Cash
1246,409,14,2024-02-19,300.73964922485186,Cash
1247,991,71,2024-09-17,421.5465425020797,Cash
1248,323,86,2024-04-19,789.087242374251,Cash
1249,111,51,2024-07-15,550.5643473875427,Debit Card
1250,770,65,2024-09-08,551.5578649602032,Cash
1251,89,93,2024-03-28,62.80676137513168,Credit Card
1252,433,52,2024-11-08,404.6136660912713,Credit Card
1253,710,95,2024-01-26,278.02639509751515,Credit Card
1254,794,30,2024-09-18,999.3417716028042,Credit Card
1255,712,57,2024-05-23,315.27151992598715,Debit Card
1256,99,79,2024-02-29,885.6515694459248,PayPal
1257,539,82,2024-12-21,679.4713976900726,PayPal
1258,601,99,2024-09-24,347.50724510016954,Cash
1259,146,30,2024-03-15,548.0990345903824,Cash
1260,694,98,2024-01-03,842.1305211497018,Credit Card
1261,257,42,2024-03-03,884.5346150506027,Credit Card
1262,189,11,2024-08-23,168.78993625608376,PayPal
1263,240,27,2024-08-16,346.17740979608794,PayPal
1264,871,24,2024-10-01,341.87094841143596,Credit Card
1265,899,99,2024-01-18,51.62434811518524,Cash
1266,503,39,2024-03-20,602.2553822533775,Debit Card
1267,708,72,2024-08-02,856.2718524622661,Debit Card
1268,809,18,2024-06-19,387.7586439472626,PayPal
1269,677,77,2024-11-24,742.6355855343353,PayPal
1270,819,45,2024-09-11,631.4234094647326,PayPal
1271,271,88,2024-05-05,381.8922481380708,Debit Card
1272,520,87,2024-09-11,149.6492014973741,Debit Card
1273,550,12,2024-03-12,712.2306142482076,Credit Card
1274,114,49,2024-02-07,856.019517251828,Cash
1275,339,94,2024-11-19,688.995947477477,PayPal
1276,568,31,2024-07-22,27.699699194469886,Credit Card
1277,943,92,2024-06-20,224.07056544708132,Debit Card
1278,986,22,2024-08-10,78.7851850346966,Credit Card
1279,359,44,2024-08-04,574.6822385804645,Debit Card
1280,650,92,2024-09-01,758.9129020520082,Cash
1281,614,64,2024-12-01,119.47339519797283,Debit Card
1282,334,77,2024-07-09,839.9544423874514,Credit Card
1283,689,25,2024-10-24,559.9538886115283,Cash
1284,169,51,2024-11-15,693.0693220203077,Debit Card
1285,339,7,2024-06-30,971.6878301225597,PayPal
1286,798,6,2024-11-29,92.84417836522034,Debit Card
1287,261,24,2024-07-23,902.2117827480114,Cash
1288,887,19,2024-12-26,134.8416690275352,Credit Card
1289,735,83,2024-07-17,399.02921857031544,Cash
1290,199,100,2024-11-27,852.9243093678032,Credit Card
1291,211,9,2024-06-13,907.1916943704895,Debit Card
1292,287,36,2024-08-29,511.3079568096939,Debit Card
1293,692,40,2024-05-09,598.1635918926709,Cash
1294,762,93,2024-08-14,711.0658612525716,PayPal
1295,743,24,2024-05-01,834.431081768187,Debit Card
1296,472,48,2024-02-13,130.2960578422895,PayPal
1297,482,63,2024-07-14,811.9686151469353,PayPal
1298,23,69,2024-12-23,486.4633890065006,Cash
1299,560,53,2024-07-22,456.1171908570873,Debit Card
1300,109,54,2024-11-13,429.66075447702826,PayPal
1301,296,42,2024-09-13,514.1194693935822,Debit Card
1302,6,45,2024-01-17,945.6000478606575,Credit Card
1303,550,90,2024-09-28,552.7217350642301,PayPal
1304,681,14,2024-01-09,953.6457628805078,Cash
1305,868,29,2024-09-05,188.48722930948418,Cash
1306,795,6,2024-07-19,726.8946190443069,PayPal
1307,203,7,2024-02-28,814.1171432226597,Debit Card
1308,325,37,2024-05-19,682.3375430215133,Credit Card
1309,825,53,2024-04-28,610.853057424275,Credit Card
1310,785,18,2024-02-10,569.1646532753205,Cash
1311,244,87,2024-11-17,862.321177752909,Cash
1312,327,38,2024-11-26,823.430131192855,Debit Card
1313,987,59,2024-09-23,131.06583396879353,Cash
1314,47,1,2024-01-08,850.1017804605693,Debit Card
1315,761,68,2024-07-01,419.92793324603804,PayPal
1316,591,44,2024-05-13,261.15986169585267,Credit Card
1317,622,47,2024-06-29,871.0708823337866,PayPal
1318,13,35,2024-12-20,437.7045516374042,Cash
1319,907,87,2024-03-12,810.2810432750485,Credit Card
1320,380,91,2024-04-22,270.76957583628604,Credit Card
1321,365,60,2024-04-16,13.890028207995623,PayPal
1322,602,90,2024-10-16,500.50460097391493,Debit Card
1323,342,52,2024-11-08,109.22597407645542,Credit Card
1324,860,8,2024-04-26,756.8321959696606,Debit Card
1325,792,80,2024-04-29,283.31438470871626,PayPal
1326,221,41,2024-05-26,449.20919013744395,PayPal
1327,73,3,2024-11-22,96.1632294406387,Debit Card
1328,746,96,2024-07-28,293.79265596278015,PayPal
1329,772,69,2024-10-22,783.6753408259863,Credit Card
1330,625,84,2024-04-12,160.07203278329627,PayPal
1331,46,14,2024-05-03,650.6879655156878,PayPal
1332,504,96,2024-09-01,918.2515942764562,Credit Card
1333,274,26,2024-12-21,683.0383921601431,Debit Card
1334,555,70,2024-07-27,812.9114723993046,PayPal
1335,208,58,2024-11-09,117.88191301087664,Debit Card
1336,929,100,2024-04-18,258.2245077420339,Credit Card
1337,861,40,2024-12-13,895.5934637181851,Debit Card
1338,615,51,2024-02-19,717.9545574819083,Debit Card
1339,124,5,2024-04-14,643.1582881135381,Cash
1340,10,77,2024-01-27,667.129068760483,Cash
1341,329,32,2024-10-14,420.05854876159697,PayPal
1342,187,80,2024-09-13,54.111065301476685,Cash
1343,543,1,2024-09-29,786.5971266500218,Cash
1344,668,77,2024-05-16,681.9261038532003,Cash
1345,60,54,2024-12-05,478.07641947159743,Debit Card
1346,761,11,2024-10-27,900.7620192145748,Debit Card
1347,899,53,2024-11-17,342.7980683352479,Cash
1348,886,8,2024-02-01,301.3785267889236,Credit Card
1349,951,25,2024-02-14,874.0683618286484,Cash
1350,782,40,2024-09-21,799.0177782113956,Credit Card
1351,442,32,2024-01-30,519.8300125418613,Debit Card
1352,217,88,2024-03-24,139.42739206327147,Credit Card
1353,911,28,2024-06-14,222.92075675040192,Debit Card
1354,2,78,2024-11-11,659.6657105047186,Credit Card
1355,536,3,2024-01-01,391.1908254620075,Debit Card
1356,718,100,2024-09-05,838.1084597493115,Debit Card
1357,832,91,2024-09-17,950.4554592388821,Cash
1358,711,84,2024-03-03,807.580556022169,PayPal
1359,356,79,2024-06-12,383.76996876560156,PayPal
1360,626,62,2024-11-16,790.7995649391098,Debit Card
1361,792,27,2024-11-29,357.9272567359766,Cash
1362,667,45,2024-07-19,175.42908688797755,PayPal
1363,165,92,2024-08-09,43.059272817198824,PayPal
1364,998,25,2024-05-31,391.8595456334098,Cash
1365,734,61,2024-05-11,904.523710660309,Cash
1366,91,44,2024-04-23,246.59672187811972,PayPal
1367,167,97,2024-08-04,214.44803328048616,PayPal
1368,959,46,2024-07-14,970.1225773886299,Credit Card
1369,207,14,2024-10-07,34.754071722086195,Credit Card
1370,282,8,2024-07-20,787.9243288898168,Debit Card
1371,65,48,2024-05-14,328.15625618346166,PayPal
1372,888,14,2024-08-21,47.11307730096274,Cash
1373,516,65,2024-05-20,918.6245148074878,Cash
1374,157,80,2024-07-14,148.24590690748778,PayPal
1375,761,82,2024-02-12,556.2614908884384,Debit Card
1376,769,7,2024-02-26,281.3136653552523,Cash
1377,747,79,2024-05-21,74.54087416284412,PayPal
1378,306,88,2024-07-28,59.4232608067453,PayPal
1379,878,49,2024-03-12,124.4011318479754,Debit Card
1380,982,55,2024-08-11,80.65334375048624,PayPal
1381,395,13,2024-01-27,762.9525343647236,Cash
1382,74,73,2024-05-07,490.7105402605949,Credit Card
1383,187,56,2024-04-15,349.4631704354899,Debit Card
1384,574,56,2024-06-13,424.1852210306871,PayPal
1385,337,15,2024-08-02,929.657268216897,Debit Card
1386,676,57,2024-03-11,911.6442946107658,PayPal
1387,568,58,2024-07-22,718.5197153213511,Credit Card
1388,623,35,2024-06-01,885.8355536474709,Debit Card
1389,730,88,2024-03-07,326.4515473117485,PayPal
1390,240,97,2024-03-30,387.2982327482,Credit Card
1391,533,16,2024-09-16,617.5750600356857,Cash
1392,141,8,2024-12-27,627.3896878242915,PayPal
1393,265,93,2024-08-15,486.88283963221755,Credit Card
1394,139,87,2024-03-19,406.6512699535737,Credit Card
1395,459,45,2024-04-05,986.3185084926082,Debit Card
1396,70,95,2024-12-14,822.9123898565472,PayPal
1397,385,40,2024-11-25,440.63039590916475,Cash
1398,630,54,2024-09-02,730.0195524671727,PayPal
1399,198,14,2024-09-28,276.8660763199349,Credit Card
1400,205,59,2024-06-05,109.16763297495658,Cash
1401,726,94,2024-04-25,358.9067152972132,Credit Card
1402,568,53,2024-01-18,408.9430721221603,Debit Card
1403,799,27,2024-06-20,26.371753315064094,PayPal
1404,982,47,2024-01-16,816.6440816195371,Credit Card
1405,805,80,2024-08-27,365.6014683652897,Credit Card
1406,687,6,2024-02-25,584.6139841223455,PayPal
1407,859,55,2024-03-19,83.2235553982464,Cash
1408,882,97,2024-04-12,183.24686046307815,Credit Card
1409,974,44,2024-10-10,890.7967880742843,PayPal
1410,640,18,2024-07-11,612.6006526039728,Debit Card
1411,431,16,2024-01-05,950.7812096687807,Debit Card
1412,890,12,2024-04-15,998.7625340474037,PayPal
1413,325,20,2024-10-04,378.1415141797634,Credit Card
1414,442,45,2024-04-09,305.81503344244186,PayPal
1415,804,64,2024-08-25,859.7724946075058,PayPal
1416,288,59,2024-09-25,998.6253127670797,Credit Card
1417,226,93,2024-11-16,633.3448218901327,Cash
1418,64,94,2024-03-26,797.1893152864071,Cash
1419,967,90,2024-11-15,783.9284002271218,Debit Card
1420,938,22,2024-02-01,361.7863111373515,Cash
1421,560,97,2024-12-01,578.5276764545164,PayPal
1422,714,47,2024-02-20,834.7263718515715,Credit Card
1423,498,29,2024-03-19,691.2327374984449,Debit Card
1424,849,86,2024-07-04,30.952175842217876,Cash
1425,926,45,2024-06-22,343.3386122085582,PayPal
1426,917,77,2024-04-15,153.0309396286593,Debit Card
1427,60,9,2024-03-03,240.6424899572587,Credit Card
1428,397,24,2024-03-16,906.4345827164125,Cash
1429,257,15,2024-11-11,46.52435602166047,PayPal
1430,577,36,2024-11-16,227.60270484230452,Credit Card
1431,239,13,2024-03-21,316.4736587158491,PayPal
1432,801,91,2024-12-26,620.7152312467309,PayPal
1433,38,44,2024-05-07,538.7606731850068,PayPal
1434,25,71,2024-07-01,226.08678802485224,Credit Card
1435,410,72,2024-08-30,172.59865655092293,Debit Card
1436,461,78,2024-07-03,244.4300542501576,PayPal
1437,571,76,2024-08-07,507.50433043463903,Debit Card
1438,988,36,2024-03-11,278.4660078540914,Debit Card
1439,417,61,2024-12-07,948.126476591645,Cash
1440,357,81,2024-06-02,469.2265692145591,Cash
1441,383,40,2024-09-01,68.2080563791907,Debit Card
1442,809,93,2024-05-19,731.973741778267,Cash
1443,158,27,2024-03-11,335.5568353268997,Cash
1444,569,1,2024-02-15,656.9540427376651,Debit Card
1445,433,34,2024-02-16,286.79842681799965,Credit Card
1446,48,68,2024-03-19,575.0363043159866,Cash
1447,328,88,2024-05-28,774.43097975939,Cash
1448,433,21,2024-05-09,928.7286543568084,Credit Card
1449,431,33,2024-05-06,268.5158729887463,Credit Card
1450,56,7,2024-12-30,341.50838148899135,Credit Card
1451,577,65,2024-04-28,469.62375608308025,Debit Card
1452,268,3,2024-12-22,927.903089358629,Credit Card
1453,69,51,2024-09-18,902.3729882425505,Debit Card
1454,728,79,2024-08-31,98.97949729963165,PayPal
1455,902,95,2024-04-12,140.61052749627274,PayPal
1456,601,54,2024-02-06,500.55408555733186,Credit Card
1457,449,80,2024-05-21,115.55308007736926,Credit Card
1458,793,74,2024-02-06,352.1250646152105,PayPal
1459,257,93,2024-01-08,156.9015244353029,Debit Card
1460,672,59,2024-08-18,639.679951580567,Debit Card
1461,490,6,2024-11-28,950.0004774217701,Credit Card
1462,746,29,2024-10-22,996.7664325914377,Credit Card
1463,643,17,2024-04-16,381.48872117194566,Credit Card
1464,49,60,2024-12-13,603.0225107434661,PayPal
1465,659,22,2024-01-18,857.7049769888405,Cash
1466,316,24,2024-11-08,126.28745206842015,Credit Card
1467,413,81,2024-03-23,692.6687669414454,Debit Card
1468,434,85,2024-10-14,414.7552251078176,Cash
1469,2,51,2024-07-12,214.08469867736244,Debit Card
1470,841,50,2024-08-02,408.72608255996755,Cash
1471,952,11,2024-10-07,85.20068409526769,PayPal
1472,145,56,2024-08-07,698.4530771034127,Cash
1473,956,71,2024-10-15,260.21524206096854,Debit Card
1474,366,42,2024-12-09,318.29158859442924,Cash
1475,420,39,2024-07-12,129.8704852590481,PayPal
1476,573,69,2024-06-06,866.0125227509927,Debit Card
1477,785,48,2024-04-13,498.5098364899112,Credit Card
1478,561,57,2024-02-03,576.4254090085362,Cash
1479,844,21,2024-04-11,573.7383562639061,Debit Card
1480,444,82,2024-05-06,416.3881833959283,Cash
1481,916,99,2024-08-01,200.60461628375808,PayPal
1482,434,20,2024-11-20,747.681421013416,Debit Card
1483,643,15,2024-10-22,135.7857027040976,Credit Card
1484,555,69,2024-06-27,112.83505237602239,Credit Card
1485,57,77,2024-03-20,713.0435872205384,Cash
1486,562,51,2024-05-20,216.74865024746398,PayPal
1487,964,76,2024-01-31,313.70502383930403,PayPal
1488,977,62,2024-03-03,480.47519233172284,Cash
1489,178,85,2024-02-17,454.85780356225075,Debit Card
1490,293,37,2024-03-27,711.4933338143492,Debit Card
1491,46,6,2024-10-30,627.1974755089274,Cash
1492,170,71,2024-03-01,647.952200659047,Debit Card
1493,271,26,2024-11-29,716.9137873489027,Debit Card
1494,417,8,2024-09-30,299.6866001492307,Debit Card
1495,848,73,2024-10-10,329.1099786824689,Cash
1496,139,91,2024-03-20,443.6177704165986,Credit Card
1497,247,4,2024-06-28,314.38755130319083,PayPal
1498,148,21,2024-09-28,985.0884902811548,Credit Card
1499,230,31,2024-03-17,815.9114071572153,Debit Card
1500,792,21,2024-08-08,173.00814137346927,Cash
1501,637,25,2024-10-08,15.538214323050816,PayPal
1502,704,15,2024-01-28,52.35543556479518,Debit Card
1503,374,35,2024-12-26,251.62281653249602,PayPal
1504,80,49,2024-03-17,123.14837297848798,PayPal
1505,606,43,2024-06-12,538.0047337436464,Credit Card
1506,738,41,2024-01-09,859.4152705000851,Debit Card
1507,65,37,2024-06-23,739.3827187040952,PayPal
1508,88,57,2024-11-02,223.4529724513685,Credit Card
1509,88,42,2024-03-16,405.306263465528,Cash
1510,713,47,2024-09-01,512.8152674359649,PayPal
1511,726,92,2024-05-01,812.1037910083022,Debit Card
1512,204,61,2024-07-03,840.7303870751032,Cash
1513,913,14,2024-02-01,910.6211287886982,PayPal
1514,382,68,2024-09-06,514.1527979978464,PayPal
1515,601,53,2024-02-26,697.3319989715043,Debit Card
1516,476,84,2024-11-05,120.68236752159778,PayPal
1517,573,34,2024-05-23,569.6360703544423,Debit Card
1518,783,76,2024-11-13,256.20489137642375,Debit Card
1519,606,97,2024-03-24,437.399716176345,Debit Card
1520,819,24,2024-02-25,637.7100032236522,Debit Card
1521,539,20,2024-10-05,264.4160784752433,PayPal
1522,214,69,2024-09-29,61.66320721879347,Cash
1523,74,30,2024-06-14,20.13151784466994,Cash
1524,61,88,2024-06-06,31.937940189076333,Credit Card
1525,698,7,2024-09-05,18.266240138631964,Debit Card
1526,543,36,2024-07-04,119.25150599229671,PayPal
1527,219,38,2024-03-18,247.09382742442858,PayPal
1528,12,80,2024-01-22,229.00929904047618,Credit Card
1529,814,52,2024-04-17,986.9286282380978,Cash
1530,415,15,2024-09-29,312.9460441568538,PayPal
1531,32,46,2024-09-08,136.1465755258051,Credit Card
1532,160,23,2024-01-15,550.1069187260804,Cash
1533,237,12,2024-10-30,859.3778808435333,PayPal
1534,739,93,2024-06-08,681.2797730197984,Debit Card
1535,181,44,2024-07-23,303.1212682440958,Credit Card
1536,829,15,2024-04-22,565.9999981935404,PayPal
1537,558,93,2024-06-16,717.7074144584051,Credit Card
1538,341,49,2024-12-18,730.8234474440649,Credit Card
1539,458,21,2024-09-09,669.873070744712,Credit Card
1540,80,15,2024-07-04,872.1023205278618,Debit Card
1541,647,14,2024-12-12,871.4044037606633,Cash
1542,772,42,2024-08-14,583.1471938129332,Cash
1543,987,80,2024-01-16,435.5578054201002,PayPal
1544,820,15,2024-06-04,645.1545926094489,Debit Card
1545,759,63,2024-12-19,820.0298813567586,Cash
1546,473,68,2024-04-20,15.595583792772876,PayPal
1547,671,27,2024-01-01,992.0770389247026,PayPal
1548,715,87,2024-02-10,191.06483460590724,Credit Card
1549,112,93,2024-02-17,475.54649580337644,Debit Card
1550,980,53,2024-04-17,873.309437494438,Cash
1551,292,52,2024-06-09,232.78999505375737,Debit Card
1552,950,63,2024-06-09,482.02727166137936,Debit Card
1553,822,73,2024-12-24,141.25635837936738,Cash
1554,631,53,2024-05-07,401.12556213431066,Cash
1555,383,57,2024-07-28,185.3641002450725,Debit Card
1556,17,52,2024-05-30,369.99147128344543,PayPal
1557,493,43,2024-09-11,379.7295746247948,Debit Card
1558,331,7,2024-08-05,993.2390817023494,Cash
1559,926,42,2024-01-30,994.8648990107346,Debit Card
1560,739,4,2024-02-14,123.6384158740063,Cash
1561,873,69,2024-03-20,728.7090915350637,PayPal
1562,486,5,2024-02-08,61.22802487241014,Debit Card
1563,406,75,2024-08-27,39.89009518381674,PayPal
1564,117,92,2024-02-14,114.28055530251467,Debit Card
1565,555,80,2024-03-18,965.8308004378547,Debit Card
1566,880,41,2024-12-02,941.4549124157504,Cash
1567,115,94,2024-12-14,201.98854207787366,Credit Card
1568,795,4,2024-10-14,170.0556121981744,Cash
1569,549,2,2024-10-06,248.12973565078755,Debit Card
1570,814,67,2024-04-25,520.3915241343907,Credit Card
1571,625,21,2024-09-25,574.0075857150558,Credit Card
1572,547,70,2024-11-30,229.37749613505287,PayPal
1573,644,43,2024-11-07,759.0565602090458,Debit Card
1574,336,82,2024-02-22,316.45763770862425,Cash
1575,336,69,2024-03-08,922.9100122741163,Credit Card
1576,981,9,2024-06-30,660.1554793921633,Credit Card
1577,922,84,2024-02-03,441.98768236057555,Cash
1578,889,28,2024-10-10,792.0128816858169,Cash
1579,740,26,2024-11-01,819.7354797861981,Credit Card
1580,147,82,2024-09-05,297.5767895528542,Cash
1581,122,83,2024-04-20,346.3173983977235,PayPal
1582,81,3,2024-04-03,936.5956021913173,Credit Card
1583,685,73,2024-06-27,173.0936279796392,PayPal
1584,666,100,2024-02-16,51.72891279330486,Debit Card
1585,662,95,2024-10-08,459.51476938345365,PayPal
1586,375,49,2024-12-05,803.1978012411927,Cash
1587,570,17,2024-12-27,773.9514252476383,Credit Card
1588,63,63,2024-04-01,920.3353226237042,PayPal
1589,504,55,2024-07-30,537.8686577253499,Cash
1590,668,23,2024-03-15,109.06402485086798,Cash
1591,449,34,2024-07-20,592.8020845926559,PayPal
1592,428,69,2024-10-23,780.6116582096795,Credit Card
1593,868,15,2024-11-03,102.39483906712813,PayPal
1594,427,47,2024-07-29,180.93082708661387,Debit Card
1595,421,3,2024-12-03,22.167754544114192,PayPal
1596,322,83,2024-05-13,597.7160536523422,PayPal
1597,913,28,2024-11-25,887.8670480264453,Credit Card
1598,680,3,2024-03-06,673.9566828420785,PayPal
1599,166,4,2024-10-06,982.2196867150723,Cash
1600,597,88,2024-01-28,72.40331597476394,Credit Card
1601,957,31,2024-04-26,903.9710742999813,Cash
1602,649,45,2024-11-12,815.9276045128139,Credit Card
1603,461,59,2024-11-20,321.0991052945099,Debit Card
1604,459,45,2024-04-23,973.7912863188793,Debit Card
1605,189,75,2024-03-15,295.0583706897009,Debit Card
1606,464,37,2024-07-20,890.4116765899363,PayPal
1607,912,65,2024-02-28,881.9410913034475,Debit Card
1608,379,9,2024-01-15,760.0810404369428,Credit Card
1609,2,17,2024-08-18,567.8357690747233,Debit Card
1610,618,65,2024-04-14,128.80272212071918,Credit Card
1611,364,3,2024-06-13,536.6520171515333,Cash
1612,72,26,2024-07-17,363.2282930983852,PayPal
1613,427,53,2024-12-19,794.2948628237982,Cash
1614,638,31,2024-02-04,760.5479144318764,Cash
1615,170,26,2024-06-10,911.5063822988792,Debit Card
1616,205,23,2024-09-01,24.681860807390795,Debit Card
1617,825,30,2024-10-13,811.0121846548157,Debit Card
1618,337,10,2024-01-19,939.0774325934221,Cash
1619,999,72,2024-10-06,791.4074446170686,PayPal
1620,472,89,2024-12-05,138.89251527166303,PayPal
1621,195,64,2024-12-13,90.46631379247886,Cash
1622,670,22,2024-06-30,30.636787409623803,PayPal
1623,653,15,2024-05-26,632.4577735697903,Cash
1624,275,56,2024-06-24,633.3759253412884,Cash
1625,7,74,2024-06-11,987.0445770760301,PayPal
1626,905,20,2024-06-23,404.0627423630548,Credit Card
1627,979,47,2024-02-16,338.58722204852177,Credit Card
1628,566,87,2024-09-12,628.1806779125485,Debit Card
1629,616,53,2024-06-22,827.352585782518,PayPal
1630,854,53,2024-04-12,937.4062100277719,Debit Card
1631,850,1,2024-04-30,805.0929245172482,Cash
1632,573,2,2024-12-15,432.4072408096467,Credit Card
1633,599,58,2024-05-24,638.5650929589435,PayPal
1634,770,19,2024-02-11,857.7363334489557,PayPal
1635,178,62,2024-01-29,495.7035914286221,PayPal
1636,242,78,2024-09-29,224.51977726833877,Credit Card
1637,203,72,2024-01-14,178.02620535039424,Debit Card
1638,543,12,2024-11-01,10.156167132276162,Credit Card
1639,801,26,2024-11-08,721.0556150314715,Debit Card
1640,462,27,2024-07-07,119.98623675753059,Cash
1641,80,29,2024-12-25,251.40070869898102,Cash
1642,523,15,2024-10-21,304.8975682075654,Debit Card
1643,417,46,2024-07-01,564.7760615354007,Cash
1644,766,1,2024-12-17,403.97770452281156,Cash
1645,384,60,2024-02-05,677.9272521029302,PayPal
1646,391,92,2024-02-06,65.08227273541569,PayPal
1647,896,57,2024-01-14,132.69980232179506,Credit Card
1648,799,3,2024-05-02,504.21938849793406,Credit Card
1649,688,18,2024-03-23,343.59513996836154,Credit Card
1650,126,52,2024-06-07,302.85522912384613,PayPal
1651,494,60,2024-11-24,76.3577982471475,Credit Card
1652,47,34,2024-04-11,896.7619830005215,Credit Card
1653,718,96,2024-12-02,694.9004002638003,PayPal
1654,476,93,2024-03-23,130.40197525145288,Debit Card
1655,949,89,2024-02-13,74.3954981597692,PayPal
1656,619,60,2024-03-08,975.1238080969306,Debit Card
1657,464,26,2024-02-17,684.3608249351098,PayPal
1658,787,72,2024-02-26,423.2815103828041,Credit Card
1659,849,19,2024-03-15,704.713730348227,Cash
1660,123,22,2024-01-22,758.7684686153575,Cash
1661,474,93,2024-05-11,782.1625803648916,Debit Card
1662,134,33,2024-10-28,483.09853259652704,Debit Card
1663,619,38,2024-09-23,435.58393054359954,Debit Card
1664,817,35,2024-10-13,20.917803426211336,Cash
1665,841,67,2024-04-29,927.2915439904197,Debit Card
1666,562,83,2024-09-02,607.2747996050537,PayPal
1667,849,10,2024-02-25,211.12239781806844,PayPal
1668,607,91,2024-02-07,920.4073852272222,Cash
1669,780,15,2024-09-01,915.7825827525934,PayPal
1670,23,11,2024-01-21,989.292322722435,Debit Card
1671,566,90,2024-04-19,875.315997507589,Cash
1672,886,24,2024-04-03,997.8065439418641,Debit Card
1673,766,77,2024-05-15,252.23932624203985,PayPal
1674,965,96,2024-08-18,843.8270893472418,Debit Card
1675,235,4,2024-01-08,824.7980257078068,Cash
1676,996,13,2024-11-23,238.6309556285264,Debit Card
1677,59,73,2024-10-16,107.45317351098087,PayPal
1678,164,57,2024-09-07,979.6263085408236,Credit Card
1679,771,98,2024-12-26,303.06430600540426,Cash
1680,826,37,2024-03-27,872.1828725631281,Debit Card
1681,216,48,2024-07-22,14.085883127857855,Cash
1682,183,71,2024-08-06,30.814559147406182,Debit Card
1683,569,1,2024-08-28,471.21259560940473,Credit Card
1684,657,60,2024-11-15,246.32753709571293,PayPal
1685,935,12,2024-09-14,692.9428706016047,Debit Card
1686,90,21,2024-04-18,569.9086823122748,Debit Card
1687,964,11,2024-09-12,86.71093947598654,Credit Card
1688,311,44,2024-10-08,171.00201335255989,Cash
1689,557,58,2024-08-07,394.16877735783015,PayPal
1690,972,44,2024-03-23,193.74802331587884,Debit Card
1691,257,78,2024-04-16,794.3001237714893,Debit Card
1692,533,98,2024-03-09,421.90953319774724,PayPal
1693,979,34,2024-04-06,102.49754817407427,Credit Card
1694,533,25,2024-07-30,489.4994732494036,Cash
1695,52,4,2024-10-12,99.92979925080003,PayPal
1696,338,64,2024-08-24,137.647932365619,Cash
1697,171,90,2024-01-08,247.21373370792324,Credit Card
1698,948,16,2024-10-20,860.9324281950148,Credit Card
1699,67,10,2024-07-07,925.3664070096422,PayPal
1700,625,66,2024-03-21,827.9951520387484,Debit Card
1701,300,35,2024-04-17,340.73644524366875,Credit Card
1702,672,83,2024-11-16,279.72197669774334,Credit Card
1703,778,6,2024-03-07,553.6641338823368,PayPal
1704,832,19,2024-06-22,724.6346289277813,PayPal
1705,232,59,2024-12-11,993.439060278573,PayPal
1706,975,53,2024-12-16,140.25500476013696,Credit Card
1707,837,8,2024-11-23,58.799079033566386,Cash
1708,68,78,2024-02-12,697.4123301053183,Credit Card
1709,506,10,2024-07-05,833.9035256688665,PayPal
1710,28,67,2024-10-28,847.885292067759,Debit Card
1711,949,38,2024-07-18,681.6789135863891,Debit Card
1712,628,29,2024-02-08,954.4756460779952,PayPal
1713,51,15,2024-08-07,515.894715909141,Debit Card
1714,693,87,2024-11-02,914.6766503528504,Credit Card
1715,260,23,2024-01-04,968.1340156216078,Cash
1716,591,82,2024-04-30,848.6858824330767,Credit Card
1717,785,46,2024-12-01,316.6609776260344,PayPal
1718,620,83,2024-03-17,204.2534946585923,Credit Card
1719,963,28,2024-06-27,552.6388643320003,Debit Card
1720,586,26,2024-05-12,458.4846028763866,Credit Card
1721,687,10,2024-11-06,878.9807587708057,Cash
1722,184,47,2024-08-16,109.03135435648218,Debit Card
1723,23,4,2024-10-02,265.16266069840344,Cash
1724,786,55,2024-05-31,754.2809550735215,Cash
1725,129,66,2024-06-12,104.03677852753901,Cash
1726,291,67,2024-10-16,327.5567698814832,Credit Card
1727,832,7,2024-04-18,393.2838401134433,Credit Card
1728,501,55,2024-05-05,626.3678585970631,Credit Card
1729,186,80,2024-08-27,166.55131926217095,Credit Card
1730,479,31,2024-11-05,861.9984454462125,Debit Card
1731,571,74,2024-12-10,453.0668131116115,Credit Card
1732,492,19,2024-05-25,917.8514947617509,Debit Card
1733,513,28,2024-09-08,473.1912144975923,Cash
1734,643,81,2024-07-01,282.289856351326,Debit Card
1735,67,28,2024-11-04,150.41054040079814,PayPal
1736,805,19,2024-11-01,13.707643764171966,Credit Card
1737,467,87,2024-03-12,536.8359101349872,PayPal
1738,285,20,2024-08-06,116.08512995765419,Debit Card
1739,601,13,2024-07-25,397.81048599486644,Credit Card
1740,417,77,2024-06-21,593.3790436247158,PayPal
1741,100,43,2024-05-20,282.92903793367327,Credit Card
1742,189,11,2024-09-28,183.4720494424541,Debit Card
1743,989,48,2024-08-01,776.9744063832483,PayPal
1744,890,15,2024-09-25,947.3232605588043,Debit Card
1745,858,17,2024-01-20,109.43601368334635,PayPal
1746,388,54,2024-03-06,164.0344211411578,Cash
1747,241,50,2024-10-29,960.4125306801915,Cash
1748,782,28,2024-05-26,47.40637959412381,Cash
1749,731,83,2024-06-13,977.8560131849675,Cash
1750,417,4,2024-11-05,14.598038254138883,Cash
1751,918,22,2024-01-06,874.931969094818,Debit Card
1752,176,86,2024-01-14,314.25192917787206,Cash
1753,387,39,2024-05-11,939.2029695955235,Debit Card
1754,471,34,2024-12-07,323.7758357492296,Cash
1755,853,97,2024-08-30,657.7632583187154,Credit Card
1756,233,44,2024-08-18,89.23224406827728,Cash
1757,663,42,2024-08-15,249.9065133392016,Credit Card
1758,452,40,2024-06-10,775.9425530144582,Debit Card
1759,277,97,2024-10-09,533.3989951420315,Cash
1760,229,12,2024-09-19,928.6893711691743,PayPal
1761,171,2,2024-05-10,434.46389425794075,Debit Card
1762,735,28,2024-08-12,871.1142421557838,Cash
1763,213,74,2024-09-14,454.46588310345516,Debit Card
1764,282,86,2024-08-21,979.4557959149654,PayPal
1765,41,81,2024-12-01,960.236037584888,Cash
1766,122,90,2024-11-11,335.8453385005195,PayPal
1767,227,67,2024-01-24,887.0644337126352,Cash
1768,294,71,2024-09-27,849.1352604734927,Credit Card
1769,600,72,2024-04-04,218.5735933542872,Debit Card
1770,267,84,2024-05-21,628.047496775437,PayPal
1771,541,76,2024-06-30,81.95549243391672,Debit Card
1772,759,99,2024-07-24,838.343613377627,PayPal
1773,828,81,2024-03-21,182.80042466846157,Debit Card
1774,451,92,2024-09-30,80.10655437190687,Debit Card
1775,449,10,2024-10-02,406.21690458342306,Debit Card
1776,756,86,2024-07-26,581.152917213647,Credit Card
1777,61,57,2024-10-22,856.3677889741733,Cash
1778,502,97,2024-02-08,974.5001002665191,Credit Card
1779,147,86,2024-10-14,445.097587444165,Debit Card
1780,686,37,2024-05-03,69.84245375541751,PayPal
1781,945,77,2024-12-29,751.624423235612,Debit Card
1782,790,91,2024-10-09,569.5215236616981,Cash
1783,334,64,2024-12-31,453.4124313960185,Credit Card
1784,881,79,2024-06-28,316.17619000426777,Cash
1785,953,86,2024-04-06,507.3745425651003,PayPal
1786,891,94,2024-07-09,345.2928084124606,Cash
1787,142,40,2024-03-14,759.4417490698867,Credit Card
1788,44,98,2024-09-29,548.4547595277147,PayPal
1789,144,60,2024-02-18,878.0792964125709,Cash
1790,865,98,2024-12-02,548.1084755029476,Credit Card
1791,333,48,2024-07-28,245.87978920653075,Credit Card
1792,998,99,2024-04-25,852.5809634098231,Debit Card
1793,497,19,2024-01-23,561.6468544807435,Cash
1794,396,72,2024-04-07,214.77262776212564,PayPal
1795,55,33,2024-11-23,627.2727318566599,Debit Card
1796,307,44,2024-11-08,364.13959729300325,Cash
1797,870,92,2024-07-08,845.9615561691452,Cash
1798,423,37,2024-06-30,458.7667412600774,PayPal
1799,417,89,2024-05-27,729.1769445263426,Debit Card
1800,673,36,2024-12-07,104.58084555987479,Debit Card
1801,797,81,2024-01-23,402.0641028393227,PayPal
1802,325,88,2024-04-14,983.4090221076747,Debit Card
1803,710,21,2024-06-11,810.3756865823768,Credit Card
1804,671,2,2024-03-07,168.34139434325937,PayPal
1805,80,31,2024-10-16,284.98640898248254,Cash
1806,31,97,2024-10-15,336.5176507677975,PayPal
1807,985,30,2024-02-15,653.8619048904912,Credit Card
1808,112,76,2024-03-21,759.424811894759,PayPal
1809,558,44,2024-05-26,752.0313427198307,Cash
1810,865,12,2024-08-09,514.7753157433388,Cash
1811,717,51,2024-12-08,812.7123324597698,PayPal
1812,564,49,2024-01-15,442.7073019299003,PayPal
1813,650,24,2024-04-30,132.64175964260627,Credit Card
1814,472,24,2024-03-18,568.7974232372751,Credit Card
1815,74,60,2024-11-17,952.7783707550956,Cash
1816,553,11,2024-10-21,795.0637148785862,Debit Card
1817,479,13,2024-08-28,582.91364121532,Debit Card
1818,589,91,2024-01-18,650.337603745606,Debit Card
1819,387,72,2024-09-12,931.256406765217,Debit Card
1820,699,74,2024-10-03,434.0593664906109,Cash
1821,882,72,2024-01-27,338.080197553211,Debit Card
1822,564,64,2024-01-02,977.4691493504445,Debit Card
1823,930,20,2024-12-18,864.8087021752301,PayPal
1824,433,72,2024-10-21,329.81314877241635,Debit Card
1825,412,73,2024-11-07,469.1427913873136,PayPal
1826,467,71,2024-12-28,420.9273477177211,Cash
1827,599,78,2024-08-26,157.60472188471957,PayPal
1828,621,28,2024-01-13,958.2411305751265,Credit Card
1829,992,2,2024-07-02,410.2693069075612,PayPal
1830,909,43,2024-07-12,876.5757918115289,Debit Card
1831,737,8,2024-02-25,197.4626654038584,PayPal
1832,994,13,2024-08-17,552.3921025308475,PayPal
1833,993,85,2024-01-28,33.72177127302712,Cash
1834,248,92,2024-11-15,766.5782790038854,Cash
1835,581,35,2024-03-11,585.1047592638156,Debit Card
1836,120,23,2024-07-28,629.3336876350552,Credit Card
1837,67,46,2024-07-02,61.203673729106924,Credit Card
1838,573,15,2024-12-21,218.92794690652926,PayPal
1839,956,2,2024-02-10,83.58756363004436,Credit Card
1840,327,61,2024-09-16,296.02517264577364,Cash
1841,920,76,2024-12-09,631.1646176053295,Debit Card
1842,703,64,2024-03-24,570.5241244742015,Debit Card
1843,470,52,2024-02-15,616.0283233972564,Cash
1844,493,36,2024-06-07,553.7587586641154,Debit Card
1845,701,67,2024-12-09,280.29850771910077,PayPal
1846,663,69,2024-01-07,252.06242237098098,Debit Card
1847,286,67,2024-11-28,145.68908670121544,Credit Card
1848,956,47,2024-05-15,850.5801661544572,Debit Card
1849,914,83,2024-07-01,620.314564955832,Debit Card
1850,608,2,2024-07-15,194.64590237901916,Cash
1851,312,44,2024-06-20,185.43728602302713,Cash
1852,309,64,2024-12-14,874.3052455108754,Credit Card
1853,775,81,2024-10-02,745.3035551256861,Cash
1854,97,78,2024-03-18,662.8050891063177,Credit Card
1855,965,28,2024-06-26,412.7954664639068,PayPal
1856,113,91,2024-01-27,269.3558086357324,Credit Card
1857,988,54,2024-04-29,979.6562554816956,Debit Card
1858,637,74,2024-10-07,799.2671792725722,Credit Card
1859,456,67,2024-11-03,308.7614309049137,PayPal
1860,463,36,2024-07-14,849.0891483157097,Debit Card
1861,948,63,2024-10-03,761.3426291285347,Credit Card
1862,132,25,2024-01-18,304.1097443792184,Cash
1863,930,86,2024-10-21,432.2873256992233,Cash
1864,965,48,2024-09-27,194.0939109371164,Cash
1865,929,39,2024-02-22,119.94191993432825,Credit Card
1866,121,47,2024-10-20,725.5344125112998,Credit Card
1867,197,94,2024-02-21,274.83673878032795,PayPal
1868,806,21,2024-08-03,821.858772088791,Debit Card
1869,482,30,2024-03-12,995.6526243992819,Debit Card
1870,634,92,2024-01-28,85.85361579035218,Debit Card
1871,794,31,2024-09-08,478.30477383286325,Debit Card
1872,897,26,2024-02-04,804.041933717695,Credit Card
1873,772,22,2024-07-19,791.0613875758212,Credit Card
1874,39,21,2024-09-05,762.3971867476588,PayPal
1875,566,1,2024-04-08,355.50498594889183,Debit Card
1876,512,37,2024-11-03,459.31472312820176,Credit Card
1877,474,77,2024-05-19,599.0186737680556,Credit Card
1878,161,85,2024-03-23,974.2011777375246,Credit Card
1879,289,46,2024-02-17,334.27179822910796,Credit Card
1880,200,9,2024-10-04,923.9124488396892,Debit Card
1881,788,17,2024-09-04,276.6633489986892,Debit Card
1882,528,47,2024-06-25,989.1837208189676,Credit Card
1883,917,85,2024-02-21,673.5610499593158,Cash
1884,685,95,2024-03-19,468.87636555496545,PayPal
1885,503,59,2024-11-17,617.2565237829689,Debit Card
1886,248,54,2024-03-04,279.80585734980474,Debit Card
1887,383,86,2024-01-08,281.43211893635197,Cash
1888,218,12,2024-08-01,122.4189984050589,Debit Card
1889,87,64,2024-01-25,122.90979472834478,Cash
1890,82,6,2024-09-12,354.19502405422224,Cash
1891,62,53,2024-08-30,765.226923117408,Credit Card
1892,799,16,2024-07-16,611.8914559221809,Debit Card
1893,500,90,2024-04-03,111.55871472771061,PayPal
1894,42,5,2024-07-25,853.7141597261518,Cash
1895,12,73,2024-01-15,605.3539507201657,PayPal
1896,833,46,2024-06-26,961.247021016932,Credit Card
1897,746,14,2024-03-15,673.4836127370954,Debit Card
1898,841,44,2024-04-13,183.4231150671392,Credit Card
1899,643,63,2024-10-20,479.04552868474406,Credit Card
1900,115,94,2024-06-16,652.0126215717321,PayPal
1901,218,52,2024-04-24,37.982054039477916,PayPal
1902,649,26,2024-02-08,24.761161513259815,Cash
1903,106,53,2024-12-29,138.10897059258224,Debit Card
1904,691,29,2024-09-29,259.14779069501606,Credit Card
1905,528,19,2024-05-14,435.25363228546877,Cash
1906,472,47,2024-08-19,492.5660690221905,Cash
1907,754,8,2024-02-08,146.6473328485178,Credit Card
1908,846,23,2024-10-17,676.6576633246725,Credit Card
1909,893,35,2024-11-02,600.1766810795694,Cash
1910,387,95,2024-02-16,301.5194578527486,Credit Card
1911,226,53,2024-02-05,23.52328460093909,Credit Card
1912,481,99,2024-11-15,86.87143619975784,PayPal
1913,754,96,2024-04-04,397.77782775573104,Debit Card
1914,408,58,2024-12-26,162.43460765402708,Cash
1915,457,5,2024-01-13,383.0514100864911,Credit Card
1916,653,16,2024-05-25,631.9007784652516,Cash
1917,898,17,2024-03-05,551.7650536004907,Debit Card
1918,711,32,2024-08-15,238.8641243060203,Cash
1919,624,96,2024-08-29,350.3842663461649,Cash
1920,639,52,2024-01-08,617.890886464164,Cash
1921,21,20,2024-10-30,862.2464777630142,PayPal
1922,659,66,2024-12-06,755.6813043514885,Debit Card
1923,601,84,2024-02-12,557.8660265650808,Debit Card
1924,815,82,2024-08-31,368.67006833332135,Cash
1925,918,1,2024-06-29,371.4007647663874,Cash
1926,203,58,2024-03-25,880.6231371617521,Debit Card
1927,417,93,2024-06-03,48.85114028014094,Credit Card
1928,416,93,2024-10-01,988.1028179760583,PayPal
1929,448,83,2024-01-23,667.7316567430466,Debit Card
1930,512,44,2024-04-24,684.3263220816666,Cash
1931,85,6,2024-11-01,47.617858931694734,Credit Card
1932,167,50,2024-10-25,609.4739821423594,Credit Card
1933,384,72,2024-04-08,489.9302794895425,Credit Card
1934,468,88,2024-04-13,114.72111782512633,PayPal
1935,72,20,2024-02-20,285.14279066166546,PayPal
1936,810,14,2024-12-27,891.4113116515148,Debit Card
1937,997,5,2024-04-21,554.4885317072934,Debit Card
1938,521,41,2024-08-31,419.2824094221696,Debit Card
1939,793,40,2024-06-17,81.95533428240283,Debit Card
1940,473,34,2024-03-12,716.9803121282825,Cash
1941,993,80,2024-05-18,705.8223151620722,PayPal
1942,258,45,2024-12-01,617.9031709028379,Credit Card
1943,275,71,2024-08-18,515.1600197584427,Cash
1944,750,80,2024-08-26,439.44655818529895,Debit Card
1945,20,71,2024-09-09,597.3383820581124,Debit Card
1946,490,27,2024-02-18,241.06149721112263,Cash
1947,745,78,2024-10-29,941.8464735358713,Credit Card
1948,490,78,2024-03-12,592.9065838884272,PayPal
1949,733,44,2024-09-19,318.0805199108328,PayPal
1950,326,33,2024-11-17,455.1830523763057,Credit Card
1951,529,33,2024-08-09,807.6279409881234,PayPal
1952,892,44,2024-03-17,169.99990012299446,Debit Card
1953,89,20,2024-03-02,299.9072662356578,Debit Card
1954,486,36,2024-06-05,682.7129425091898,Debit Card
1955,708,7,2024-10-20,322.33431441740163,Debit Card
1956,350,32,2024-05-04,794.5766650428513,Credit Card
1957,84,67,2024-08-16,139.14895230558722,PayPal
1958,387,39,2024-12-05,765.0593087500624,PayPal
1959,87,93,2024-06-09,77.66819770206057,Cash
1960,307,24,2024-01-29,22.466686540819836,Credit Card
1961,850,86,2024-04-23,899.2412836438405,PayPal
1962,154,70,2024-03-19,585.5258247629756,PayPal
1963,440,88,2024-01-23,358.30862811594335,Cash
1964,740,87,2024-04-15,240.2686905942119,Debit Card
1965,960,54,2024-05-10,620.7169254282079,PayPal
1966,264,38,2024-12-22,513.9121617013708,Debit Card
1967,977,74,2024-06-21,991.6817977746854,Cash
1968,735,80,2024-09-20,983.3838267872084,PayPal
1969,421,75,2024-12-07,638.6743204801935,Debit Card
1970,493,32,2024-10-11,448.4418010448316,Credit Card
1971,633,45,2024-01-02,496.22955944331545,Debit Card
1972,993,61,2024-08-20,685.6542755744933,Debit Card
1973,411,70,2024-09-07,110.55879879302756,Debit Card
1974,173,88,2024-11-16,335.068553072611,Debit Card
1975,4,97,2024-04-17,84.51951859356782,Credit Card
1976,854,53,2024-10-02,82.62715192175037,Cash
1977,640,51,2024-06-28,203.8808494752914,Debit Card
1978,986,76,2024-07-31,490.4007220472946,Debit Card
1979,992,56,2024-10-19,786.9265779511614,PayPal
1980,472,27,2024-03-12,490.64093225421385,PayPal
1981,110,38,2024-10-09,342.12184445526105,Credit Card
1982,867,62,2024-06-23,91.52946043339055,Credit Card
1983,37,18,2024-05-02,554.7925679512982,Credit Card
1984,992,64,2024-08-14,278.555900618345,PayPal
1985,583,77,2024-10-27,618.784836137976,Debit Card
1986,801,30,2024-03-23,977.4158617410941,PayPal
1987,31,49,2024-09-09,120.20117826277466,Cash
1988,951,41,2024-05-25,220.0041447347205,Credit Card
1989,381,13,2024-04-29,478.36359271838097,Credit Card
1990,268,34,2024-03-05,968.9276771924702,Credit Card
1991,11,100,2024-10-07,774.0916785072957,Cash
1992,344,94,2024-10-09,899.2469012312018,Debit Card
1993,840,25,2024-04-15,340.377699991035,Debit Card
1994,544,66,2024-10-26,992.1180890408086,Debit Card
1995,569,100,2024-04-16,111.80448790351582,Credit Card
1996,166,18,2024-02-05,62.44317698563982,Debit Card
1997,700,5,2024-05-26,857.0466007834879,PayPal
1998,342,19,2024-09-18,927.9922215049164,Credit Card
1999,482,42,2024-06-07,99.67950397064074,Cash
2000,19,18,2024-09-21,122.29315247838308,Cash
