date,product_id,quantity,unit_price,customer_id,region,total_amount
2024-04-12,100,8,297.04697152623197,474,North,2376.3757722098558
2024-12-14,77,29,297.3747551724664,783,North,8623.867900001525
2024-09-27,3,32,351.8586074848368,100,South,11259.475439514777
2024-04-16,33,44,465.5122922090853,544,South,20482.54085719975
2024-03-12,6,18,393.4651505271556,864,West,7082.3727094888
2024-07-07,50,6,37.5066906739429,128,South,225.0401440436574
2024-01-21,10,18,427.83672973909853,452,South,7701.061135303774
2024-04-12,5,19,120.51525166360898,914,East,2289.7897816085706
2024-05-01,23,22,194.68794072082227,369,West,4283.13469585809
2024-08-02,10,37,236.24907867006726,851,West,8741.215910792489
2024-11-26,44,32,245.64394036900413,43,West,7860.606091808132
2024-03-28,2,41,223.23839563512482,884,East,9152.774221040117
2024-04-09,13,3,469.3031141657736,419,South,1407.9093424973207
2024-12-25,40,28,355.94931375537203,488,West,9966.580785150418
2024-05-31,2,10,319.2736165187861,78,West,3192.7361651878614
2024-05-10,84,35,34.42259361364136,826,North,1204.7907764774477
2024-05-29,65,29,452.9175318275836,801,West,13134.608422999925
2024-11-04,63,15,455.6011940841141,270,South,6834.017911261712
2024-09-14,73,33,392.30440108075015,674,South,12946.045235664755
2024-12-09,17,7,13.444309868673386,701,North,94.1101690807137
2024-10-20,9,12,38.067323028035446,759,West,456.80787633642535
2024-07-10,75,49,120.35961411155998,900,West,5897.621091466439
2024-10-03,15,30,74.36120999100429,728,West,2230.8362997301288
2024-06-09,24,21,205.42965455482744,315,East,4314.022745651376
2024-11-09,38,31,462.08529846301695,925,West,14324.644252353526
2024-01-22,35,24,241.30961275652916,851,South,5791.4307061567
2024-09-09,94,20,16.567286951761147,902,South,331.34573903522295
2024-08-23,95,37,148.5453878935934,889,East,5496.179352062955
2024-12-10,49,4,31.851505102751155,993,East,127.40602041100462
2024-02-18,69,28,27.780935080616057,945,West,777.8661822572496
2024-02-28,62,44,145.1027280168206,168,North,6384.520032740107
2024-06-18,60,20,145.05004595268326,339,East,2901.0009190536653
2024-07-06,50,24,395.692035274786,193,East,9496.608846594863
2024-09-27,78,49,487.66897986274483,453,West,23895.780013274496
2024-07-08,75,32,191.89147600609917,283,West,6140.527232195173
2024-06-23,9,41,220.15457064190892,336,East,9026.337396318266
2024-02-20,34,36,423.9468237801505,390,North,15262.085656085419
2024-12-29,76,34,141.38811984680154,1000,East,4807.196074791253
2024-02-24,99,36,86.6270841576895,525,West,3118.575029676822
2024-08-31,35,2,428.0139154677887,240,West,856.0278309355774
2024-11-15,1,15,32.78528735563209,832,East,491.7793103344814
2024-05-10,40,34,313.65272569771366,958,North,10664.192673722264
2024-11-02,64,36,285.3764952587353,483,East,10273.553829314471
2024-05-14,22,6,179.50101927583017,659,East,1077.006115654981
2024-01-21,60,39,164.4428653377059,716,West,6413.27174817053
2024-11-24,64,42,388.2102858289944,592,North,16304.832004817765
2024-06-15,93,12,52.34805927364778,891,South,628.1767112837733
2024-09-30,72,3,126.02431156257884,555,North,378.0729346877365
2024-03-29,11,45,368.899878600664,458,East,16600.49453702988
2024-11-11,14,18,278.67708602594786,89,East,5016.187548467062
2024-01-14,60,40,72.71422218145733,660,East,2908.568887258293
2024-08-29,30,21,442.24645099820947,95,North,9287.175470962398
2024-09-21,35,15,202.78944481615986,452,West,3041.841672242398
2024-12-11,85,33,415.65550390786467,428,East,13716.631628959534
2024-02-22,37,35,395.97937760857724,151,East,13859.278216300203
2024-12-05,5,26,315.9684687711467,514,North,8215.180188049815
2024-04-01,83,8,252.29575433459556,376,South,2018.3660346767645
2024-09-20,78,36,489.97991178706087,22,South,17639.276824334192
2024-02-04,26,48,81.03288546611034,883,West,3889.5785023732965
2024-07-24,62,30,365.32630650004626,313,West,10959.789195001387
2024-03-21,4,23,103.68344371774661,997,East,2384.7192055081723
2024-02-19,89,42,175.7489216128507,840,North,7381.454707739729
2024-12-25,42,44,161.26238425286567,519,East,7095.54490712609
2024-01-02,89,14,474.0476339919743,206,West,6636.66687588764
2024-02-23,18,14,484.00452711625485,952,North,6776.063379627568
2024-04-15,40,2,99.6775676750163,375,North,199.3551353500326
2024-09-16,72,37,20.797228545777052,451,West,769.497456193751
2024-11-05,39,5,362.80393943492544,626,South,1814.0196971746273
2024-07-09,14,38,214.81506759653732,784,South,8162.972568668418
2024-08-05,32,45,53.531720092906546,595,North,2408.9274041807944
2024-02-13,51,41,345.03951173275084,179,East,14146.619981042784
2024-06-10,38,47,277.1017088477428,210,South,13023.780315843913
2024-07-20,97,14,490.4532427805419,500,East,6866.345398927587
2024-09-26,23,39,121.43065297207568,464,South,4735.795465910951
2024-12-16,63,25,207.94915940000865,840,South,5198.728985000216
2024-10-30,15,20,275.84744366375725,124,East,5516.948873275145
2024-09-27,97,2,397.9329943421423,993,West,795.8659886842846
2024-08-02,25,39,278.9309417928288,113,South,10878.306729920323
2024-09-08,17,6,310.3210788223551,12,South,1861.9264729341307
2024-07-08,97,17,120.81205527907096,126,East,2053.8049397442064
2024-10-22,66,25,424.99017676339435,565,West,10624.754419084858
2024-07-31,78,28,220.0289680155331,331,South,6160.811104434927
2024-07-26,53,2,79.07021748566694,901,South,158.1404349713339
2024-08-24,51,35,335.45207810765453,283,West,11740.822733767909
2024-12-03,39,37,115.88432206080068,140,South,4287.719916249625
2024-02-22,51,5,57.805630017256874,401,West,289.02815008628437
2024-10-06,70,1,432.37358511809344,902,West,432.37358511809344
2024-08-04,6,40,235.47950959933544,97,East,9419.180383973418
2024-09-08,67,12,377.1490192209304,517,North,4525.788230651166
2024-07-06,7,36,152.387904305114,569,West,5485.964554984104
2024-02-10,51,45,395.6153661096565,924,East,17802.691474934545
2024-06-05,72,23,64.84860424054986,846,North,1491.5178975326469
2024-01-15,42,47,184.42695315947785,69,South,8668.066798495458
2024-10-27,64,31,489.250290807029,118,North,15166.759015017898
2024-03-05,15,11,399.054961020323,888,West,4389.604571223553
2024-12-10,29,10,253.6554058541972,59,West,2536.554058541972
2024-11-22,33,3,176.4909610653237,33,West,529.472883195971
2024-01-09,94,14,437.3464930110135,318,West,6122.850902154189
2024-12-09,27,16,276.97540195141266,50,West,4431.606431222603
2024-05-08,36,10,381.62825875586447,880,East,3816.2825875586445
2024-05-15,29,29,379.51276335492037,489,West,11005.87013729269
2024-03-03,38,10,18.793382498560998,19,East,187.93382498561
2024-05-18,57,12,71.8643535683806,726,South,862.3722428205672
2024-03-21,97,30,333.2183895334237,197,West,9996.551686002711
2024-06-11,27,41,89.193707530077,891,West,3656.9420087331573
2024-10-15,55,1,135.1917388812463,450,North,135.1917388812463
2024-09-17,33,5,473.8525975578075,990,South,2369.2629877890377
2024-08-18,68,20,284.48930660370684,559,West,5689.786132074137
2024-02-10,86,8,377.8574584296801,679,West,3022.8596674374407
2024-01-28,66,43,283.4105620034935,452,South,12186.654166150221
2024-05-14,10,12,280.73167124353535,289,East,3368.780054922424
2024-07-19,5,1,56.13443596159197,141,West,56.13443596159197
2024-11-23,74,20,178.3949643784605,84,North,3567.8992875692097
2024-09-24,97,28,148.39114035639074,694,West,4154.951929978941
2024-02-02,38,43,201.4568991506705,391,North,8662.646663478832
2024-02-17,13,37,401.1886522299209,591,North,14843.980132507073
2024-03-02,31,47,192.24700727926378,215,West,9035.609342125397
2024-08-03,47,37,231.33144142352452,526,West,8559.263332670407
2024-10-19,100,12,204.7168813378051,215,North,2456.6025760536613
2024-04-08,88,37,55.76990626789485,403,South,2063.4865319121095
2024-06-20,52,49,226.12535754288402,128,South,11080.142519601317
2024-12-25,56,49,105.84854379181236,822,West,5186.578645798806
2024-08-01,15,44,101.49441492879032,477,East,4465.754256866774
2024-02-04,29,28,56.077691172790516,760,South,1570.1753528381344
2024-08-14,8,47,184.7687773294647,404,West,8684.132534484841
2024-04-10,5,15,381.1661235468145,29,South,5717.4918532022175
2024-05-10,29,6,145.4564283858641,792,East,872.7385703151845
2024-09-13,47,44,163.05105992390165,338,West,7174.246636651673
2024-01-05,68,20,324.91058225948757,831,East,6498.211645189751
2024-08-05,76,14,105.96199816759025,714,West,1483.4679743462634
2024-09-11,45,2,449.50938590753185,361,East,899.0187718150637
2024-12-24,2,9,264.8933563932617,569,South,2384.040207539355
2024-10-09,27,37,229.32544075690632,392,South,8485.041308005533
2024-07-25,95,20,283.3318940453087,218,East,5666.637880906173
2024-01-15,36,26,91.35681357393577,574,East,2375.27715292233
2024-12-11,36,29,310.6018379331964,669,East,9007.453300062696
2024-02-11,26,1,187.91936095066512,202,West,187.91936095066512
2024-06-27,43,35,449.6213070726633,17,South,15736.745747543215
2024-03-03,27,6,92.7385612720662,322,West,556.4313676323973
2024-12-17,69,37,258.45504089406614,518,South,9562.836513080447
2024-08-18,20,5,303.0751883908188,570,North,1515.375941954094
2024-08-28,11,33,26.3579648753268,325,West,869.8128408857845
2024-02-21,74,49,188.2096311305087,412,South,9222.271925394927
2024-04-05,38,14,368.9912650034081,318,South,5165.877710047714
2024-08-09,6,12,411.98497864999695,681,West,4943.819743799963
2024-08-18,72,42,163.44937746046836,965,West,6864.873853339671
2024-08-24,23,20,401.3107034675481,82,South,8026.214069350962
2024-05-22,47,24,484.2003797806605,474,West,11620.809114735852
2024-06-19,90,43,429.8682286767961,468,East,18484.33383310223
2024-01-29,46,34,67.64555419806935,425,West,2299.9488427343576
2024-02-05,12,25,372.4678627219149,945,West,9311.696568047873
2024-01-13,90,29,166.6367478958669,731,West,4832.46568898014
2024-06-08,13,39,494.3238348119175,689,South,19278.629557664783
2024-11-22,62,31,247.8259017483447,204,East,7682.602954198685
2024-07-05,82,47,69.9926101958811,583,North,3289.6526792064114
2024-08-30,89,43,365.3409185334215,387,North,15709.659496937124
2024-03-26,97,23,168.27548720924477,778,East,3870.33620581263
2024-10-10,60,44,498.5682969700142,98,East,21937.005066680627
2024-03-06,43,38,490.09340434871575,345,East,18623.549365251198
2024-06-18,76,20,331.5056688300845,803,South,6630.11337660169
2024-02-14,100,23,73.61495998634162,208,North,1693.1440796858572
2024-03-02,68,45,346.5618888607642,514,East,15595.284998734389
2024-05-13,5,16,55.58493836541333,636,South,889.3590138466133
2024-10-10,37,42,24.388437960172237,792,North,1024.314394327234
2024-01-28,72,8,413.24963864852816,586,West,3305.9971091882253
2024-04-17,92,21,112.77894436500387,166,South,2368.357831665081
2024-02-13,31,1,195.72329184735773,22,North,195.72329184735773
2024-12-05,9,8,486.99412108832485,154,South,3895.9529687065988
2024-10-12,51,29,175.0518459119406,939,North,5076.5035314462775
2024-11-26,29,32,155.27999282882448,439,North,4968.959770522383
2024-05-07,78,38,459.92191981515987,295,West,17477.032952976075
2024-12-13,40,5,64.26673820628947,219,South,321.33369103144736
2024-08-18,41,47,382.1953809561696,669,East,17963.18290493997
2024-07-08,86,22,494.1521276598593,495,West,10871.346808516904
2024-08-12,11,47,451.6350452795779,230,West,21226.84712814016
2024-10-09,23,34,329.3172801661487,20,North,11196.787525649055
2024-04-30,1,1,163.88978954643866,987,East,163.88978954643866
2024-04-25,46,26,134.6177707773752,553,South,3500.062040211755
2024-08-20,21,43,411.435001387016,950,East,17691.70505964169
2024-09-15,90,10,441.11273783633067,148,East,4411.127378363307
2024-12-24,36,30,267.4631071473895,108,East,8023.893214421685
2024-07-16,54,18,129.72657098536843,403,East,2335.0782777366317
2024-05-16,87,17,65.34217212147504,596,East,1110.8169260650757
2024-11-13,57,26,52.71793923759727,483,North,1370.666420177529
2024-06-13,1,8,362.34794920338925,367,North,2898.783593627114
2024-08-12,63,47,215.85817664538524,834,West,10145.334302333107
2024-11-02,54,40,453.6263383961565,414,North,18145.05353584626
2024-08-21,55,49,372.4389373561142,309,West,18249.507930449596
2024-06-20,40,12,103.71760477814749,802,West,1244.61125733777
2024-05-31,15,27,310.7509352196925,918,South,8390.275250931698
2024-11-10,21,8,223.3976726550981,835,East,1787.1813812407847
2024-06-08,47,25,292.8523680766204,134,North,7321.30920191551
2024-04-05,73,46,371.6538704358734,719,South,17096.078040050175
2024-08-20,53,4,405.0359816918575,283,North,1620.14392676743
2024-06-28,9,33,423.4312899392949,778,West,13973.232567996733
2024-04-22,74,1,134.44768854029212,73,North,134.44768854029212
2024-11-13,52,19,25.246643959505263,481,East,479.6862352306
2024-02-21,57,31,372.25442023073884,352,West,11539.887027152905
2024-09-24,26,16,62.10842586532955,560,West,993.7348138452728
2024-10-21,41,14,164.31059842035415,326,South,2300.348377884958
2024-04-22,35,48,11.8703957209301,745,East,569.7789946046448
2024-04-10,63,5,344.01804637679385,443,West,1720.0902318839692
2024-04-22,25,41,91.89468562089841,100,East,3767.682110456835
2024-03-21,90,26,331.0883807489125,59,North,8608.297899471725
2024-07-05,75,28,495.95388241224106,508,East,13886.70870754275
2024-04-22,38,2,45.60872708890798,258,West,91.21745417781597
2024-01-02,2,6,47.768225856215736,413,South,286.6093551372944
2024-05-09,7,9,176.7862454066707,452,West,1591.0762086600364
2024-08-07,82,33,434.5293919831576,65,East,14339.469935444202
2024-02-23,91,41,115.6096357077526,595,East,4739.995064017857
2024-12-08,34,25,186.5851317658703,154,West,4664.628294146758
2024-08-11,91,48,43.56764924721999,985,East,2091.2471638665593
2024-08-12,17,13,383.9460927168558,266,North,4991.299205319126
2024-05-05,43,9,210.07010795213105,821,West,1890.6309715691796
2024-05-09,59,13,382.031879199813,79,South,4966.414429597568
2024-02-22,51,31,452.7678437299296,315,West,14035.803155627818
2024-06-20,54,41,124.0539420796315,662,North,5086.211625264891
2024-08-05,24,11,405.62405486657616,947,North,4461.864603532338
2024-06-08,25,4,38.95600613834411,560,North,155.82402455337643
2024-07-16,71,34,450.4352202083212,917,North,15314.79748708292
2024-09-03,52,38,328.8765883037862,891,North,12497.310355543876
2024-11-19,70,46,438.37109482779226,248,South,20165.070362078444
2024-07-21,88,4,10.09231578272513,790,East,40.36926313090052
2024-07-02,33,38,92.84972447443633,868,North,3528.2895300285804
2024-05-02,49,19,200.98209983898113,610,North,3818.6598969406414
2024-09-11,29,6,195.95642265361212,414,West,1175.7385359216728
2024-10-20,63,34,121.09788763252023,25,South,4117.328179505687
2024-10-06,22,18,196.98985053492805,284,South,3545.817309628705
2024-11-20,26,13,73.13586888012486,449,East,950.7662954416232
2024-04-07,28,41,212.25295334035275,881,South,8702.371086954463
2024-07-16,85,23,403.15362128803946,301,West,9272.533289624907
2024-08-27,49,19,244.74433092064208,68,West,4650.1422874922
2024-05-23,71,45,18.820043583155343,7,East,846.9019612419904
2024-04-06,81,11,216.50758037383125,817,West,2381.583384112144
2024-07-19,84,1,23.31575788451364,137,North,23.31575788451364
2024-05-03,49,24,483.4592712463311,164,North,11603.022509911947
2024-07-05,20,7,72.4524401172058,83,West,507.16708082044056
2024-11-21,86,25,356.76727990200317,897,East,8919.181997550078
2024-12-14,92,21,486.66039821712207,650,South,10219.868362559564
2024-09-15,63,15,414.75913531662025,420,East,6221.387029749304
2024-05-27,61,1,352.6645338118398,73,South,352.6645338118398
2024-09-08,49,12,421.3358456553758,237,West,5056.03014786451
2024-12-11,71,7,491.0813596977075,46,West,3437.5695178839524
2024-05-26,1,15,314.4588036542295,618,North,4716.882054813443
2024-05-27,96,21,284.00055534637,928,South,5964.01166227377
2024-12-17,13,19,317.8366741270079,800,East,6038.89680841315
2024-07-17,94,29,271.01118451316194,262,West,7859.324350881696
2024-11-03,87,25,321.1936618957622,176,East,8029.841547394055
2024-05-07,51,33,230.42268190655403,166,North,7603.948502916283
2024-02-08,56,49,117.03715961282049,657,South,5734.820821028204
2024-12-03,83,32,68.92114099072106,842,South,2205.476511703074
2024-12-25,62,49,43.48705841080759,370,West,2130.865862129572
2024-05-08,32,35,139.02473403906805,795,South,4865.865691367382
2024-09-23,30,44,32.60054652450958,54,West,1434.4240470784216
2024-05-30,29,38,287.9136821604989,690,North,10940.719922098959
2024-10-24,49,26,149.07593904152495,419,South,3875.9744150796487
2024-04-08,45,11,414.02205596264577,756,West,4554.2426155891035
2024-09-19,93,35,46.37802776430936,507,East,1623.2309717508276
2024-09-08,30,8,120.9122322273281,341,West,967.2978578186248
2024-05-23,16,46,367.8206120741715,127,South,16919.74815541189
2024-12-11,40,14,303.4160652279108,409,North,4247.824913190751
2024-04-21,19,10,41.600722912092095,924,South,416.00722912092095
2024-02-29,18,2,439.84733400947823,367,South,879.6946680189565
2024-01-02,1,46,439.85826378482795,271,West,20233.480134102087
2024-10-30,78,9,171.8999218991292,644,East,1547.0992970921627
2024-09-10,47,3,176.7988632412867,605,South,530.3965897238602
2024-05-19,66,21,494.6238955915852,379,East,10387.101807423289
2024-02-06,92,26,316.82632408063773,73,West,8237.48442609658
2024-06-08,94,8,270.34509507834895,923,East,2162.7607606267916
2024-01-09,38,48,420.694569940443,922,West,20193.339357141263
2024-08-20,51,2,149.79226579508506,915,North,299.5845315901701
2024-04-08,63,6,220.29947076421487,248,East,1321.7968245852892
2024-05-26,4,28,141.21057098928375,860,East,3953.895987699945
2024-10-30,1,29,396.68881482847837,785,North,11503.975630025872
2024-07-26,8,26,290.94117936125684,43,East,7564.470663392678
2024-05-10,29,25,332.82428436863455,377,North,8320.607109215864
2024-05-31,55,12,133.6305524213092,41,South,1603.5666290557106
2024-02-23,3,5,117.91039767488441,170,West,589.5519883744221
2024-04-29,32,34,249.30356820163996,946,North,8476.321318855758
2024-06-09,10,48,371.40721705548515,212,East,17827.54641866329
2024-04-25,74,37,267.3674811848785,493,North,9892.596803840504
2024-03-15,83,15,25.99638199737762,680,East,389.94572996066427
2024-04-22,34,44,435.5902380969415,39,South,19165.970476265426
2024-04-13,97,36,41.69657782241447,369,North,1501.076801606921
2024-12-05,87,15,478.3539970231686,757,South,7175.309955347529
2024-09-10,55,43,22.319559555863634,151,West,959.7410609021363
2024-08-14,92,48,350.2807235040473,111,East,16813.47472819427
2024-04-21,32,23,50.28146121877301,480,East,1156.4736080317793
2024-04-08,50,6,456.2315239232184,436,South,2737.38914353931
2024-06-01,7,46,237.57228575051596,47,West,10928.325144523735
2024-12-14,93,44,77.38664966033754,575,North,3405.0125850548516
2024-12-31,8,43,176.99969289702483,737,North,7610.986794572068
2024-12-03,65,45,90.7640909199134,366,East,4084.384091396103
2024-07-12,57,21,93.58513666297411,69,South,1965.2878699224564
2024-11-05,67,23,474.5730768840067,299,South,10915.180768332153
2024-06-11,88,43,228.1705950195462,944,North,9811.335585840487
2024-07-26,87,16,396.5131093136262,802,West,6344.2097490180195
2024-06-17,59,47,323.40672497706413,296,West,15200.116073922014
2024-06-09,72,15,341.4489175458122,203,North,5121.733763187183
2024-03-08,54,25,74.52978485129887,61,North,1863.2446212824718
2024-10-15,67,36,124.75037893958797,946,South,4491.013641825167
2024-10-03,51,11,395.5076642256741,963,West,4350.584306482415
2024-10-30,97,15,485.6754411726437,830,North,7285.131617589655
2024-05-14,92,4,138.71106487333935,314,North,554.8442594933574
2024-07-13,8,21,143.06869472800952,161,East,3004.4425892882
2024-05-07,34,13,241.71959507734337,331,North,3142.354736005464
2024-02-02,35,22,492.0817532991645,528,North,10825.79857258162
2024-06-24,96,19,141.78988345497083,338,West,2694.007785644446
2024-01-22,88,34,209.4162357207893,606,South,7120.152014506836
2024-08-25,78,14,446.82520765551834,304,West,6255.552907177257
2024-06-06,32,4,11.431305984467384,503,South,45.725223937869536
2024-02-07,46,48,29.48532284439908,650,East,1415.2954965311558
2024-08-17,16,46,305.9951217648974,338,North,14075.775601185282
2024-12-30,68,27,454.61628070929504,550,East,12274.639579150966
2024-02-20,37,29,127.03976359694455,639,South,3684.153144311392
2024-09-20,54,47,240.12446959354742,275,West,11285.85007089673
2024-10-09,85,28,230.72799781233095,164,West,6460.383938745266
2024-01-27,14,35,241.75595958679997,443,East,8461.458585538
2024-08-13,95,8,315.03465090757516,319,South,2520.2772072606012
2024-10-03,55,16,240.17444386543505,589,East,3842.791101846961
2024-10-12,48,42,229.25938924800434,504,East,9628.894348416183
2024-04-06,82,36,242.40132601131765,686,North,8726.447736407436
2024-10-10,7,30,299.5250462228103,387,East,8985.75138668431
2024-11-12,74,18,273.1336692921656,970,North,4916.406047258981
2024-10-30,7,2,428.5266388487471,870,North,857.0532776974942
2024-05-26,33,49,34.25345821189664,833,West,1678.4194523829356
2024-01-04,23,13,418.3253650217761,888,North,5438.22974528309
2024-02-04,85,4,423.5230601797448,603,North,1694.0922407189792
2024-07-10,19,26,149.60493055017082,750,West,3889.7281943044413
2024-02-18,19,25,236.79745795776682,776,East,5919.9364489441705
2024-01-17,36,30,224.88385938334338,691,South,6746.515781500301
2024-06-20,29,11,117.06981883352384,494,South,1287.7680071687623
2024-08-07,60,7,204.43045507229508,490,South,1431.0131855060656
2024-06-06,82,31,31.750008363718674,721,East,984.250259275279
2024-02-15,2,44,146.13281566304988,73,North,6429.843889174195
2024-01-06,1,10,410.1742659708519,509,South,4101.742659708519
2024-04-08,47,39,149.4355278638198,390,East,5827.985586688972
2024-08-20,69,13,410.9212676866413,619,North,5341.976479926337
2024-02-06,20,31,270.4837376561711,857,West,8384.995867341304
2024-10-06,11,7,441.1327119069684,295,South,3087.9289833487787
2024-12-14,2,49,291.64198158956344,369,North,14290.45709788861
2024-10-28,67,42,24.53742930172251,956,South,1030.5720306723456
2024-06-29,87,42,340.9559016980737,796,South,14320.147871319095
2024-04-04,12,36,31.97824833154864,865,South,1151.216939935751
2024-04-08,20,20,230.79253930173564,694,North,4615.850786034713
2024-07-06,5,4,465.4190802918259,549,East,1861.6763211673035
2024-04-25,37,7,90.94993027554658,649,North,636.6495119288261
2024-07-09,38,1,201.0374529413566,850,South,201.0374529413566
2024-09-09,94,44,367.6315513357544,568,North,16175.788258773195
2024-06-09,9,45,442.3066924864753,187,West,19903.801161891388
2024-09-12,98,42,338.7620723238289,853,East,14228.007037600813
2024-11-18,53,47,136.50489455367293,770,North,6415.730044022627
2024-05-07,44,13,340.55784792894593,445,West,4427.2520230762975
2024-01-18,99,22,155.3965441410041,570,East,3418.7239711020907
2024-10-07,86,21,362.0303226111803,363,West,7602.636774834786
2024-08-10,24,22,477.4762325166699,123,East,10504.477115366737
2024-02-23,81,28,363.48279104208126,188,North,10177.518149178275
2024-02-27,74,9,432.81144642708205,742,West,3895.3030178437384
2024-11-18,30,26,11.030883156182872,680,South,286.8029620607547
2024-12-25,59,9,361.61034111848124,420,West,3254.4930700663313
2024-06-22,87,15,416.4979028639727,626,East,6247.46854295959
2024-10-06,96,10,29.873781396893897,252,North,298.73781396893895
2024-04-23,81,24,437.082886371233,619,East,10489.989272909592
2024-10-14,81,42,135.78017187192248,549,West,5702.767218620744
2024-12-07,14,8,335.99312996924704,335,West,2687.9450397539763
2024-05-30,9,24,402.17389072146926,92,South,9652.173377315263
2024-05-06,40,16,334.7056113990842,530,North,5355.289782385347
2024-06-03,66,49,55.219548115896046,866,North,2705.7578576789065
2024-09-29,25,26,302.1975442415805,63,West,7857.136150281092
2024-04-13,73,27,279.29599179385036,662,North,7540.99177843396
2024-10-25,22,37,451.157421356393,512,South,16692.82459018654
2024-09-02,4,4,208.07746752566248,139,East,832.3098701026499
2024-06-24,26,24,167.32973757265455,698,North,4015.913701743709
2024-02-08,58,19,377.4268745738685,185,West,7171.110616903501
2024-06-18,29,36,212.21090978086434,205,East,7639.592752111116
2024-09-03,98,39,326.58712575248086,772,East,12736.897904346753
2024-01-26,87,10,326.7605441610574,214,South,3267.605441610574
2024-12-20,37,25,445.1391415364577,256,West,11128.478538411442
2024-11-01,75,18,303.3592771363577,135,North,5460.466988454439
2024-01-13,70,19,256.0552688813736,573,West,4865.050108746098
2024-11-11,18,36,78.04694993429334,875,East,2809.6901976345603
2024-11-08,85,10,66.71142727256563,822,West,667.1142727256563
2024-02-05,42,33,85.6175669887089,88,North,2825.3797106273937
2024-06-21,100,5,94.20575585027632,836,North,471.0287792513816
2024-01-20,41,47,322.55977540518063,988,South,15160.309444043489
2024-11-16,38,49,373.08081263454346,207,North,18280.95981909263
2024-09-20,34,35,269.6958462339452,129,North,9439.354618188081
2024-05-21,17,44,416.2186889472906,823,West,18313.622313680786
2024-05-22,37,34,495.7189810994803,3,West,16854.44535738233
2024-04-01,25,33,411.80618826848445,974,East,13589.604212859987
2024-12-19,76,21,350.49236310122,934,South,7360.33962512562
2024-11-17,87,17,270.9214227242018,754,West,4605.664186311431
2024-10-14,86,22,229.93800512060704,121,North,5058.636112653355
2024-08-02,85,48,51.352266466825746,385,East,2464.908790407636
2024-12-07,27,37,205.69068671339855,614,West,7610.555408395746
2024-02-20,57,15,455.9659720232458,38,South,6839.489580348687
2024-06-01,31,35,405.93108865421095,341,South,14207.588102897384
2024-07-04,6,28,115.86516885572672,925,East,3244.224727960348
2024-03-03,91,7,238.63781450163577,645,East,1670.4647015114504
2024-07-08,40,32,410.19436925368683,714,East,13126.219816117979
2024-05-04,98,11,43.01843184490603,860,East,473.20275029396635
2024-05-29,12,10,199.82236697764307,21,East,1998.2236697764306
2024-11-09,53,9,427.40220606823436,242,North,3846.6198546141095
2024-02-27,71,14,207.90995344336062,455,North,2910.739348207049
2024-12-07,10,13,48.03117591840602,963,West,624.4052869392783
2024-10-31,45,25,275.8418405808032,621,South,6896.04601452008
2024-06-28,17,2,432.2538225099647,303,North,864.5076450199294
2024-06-18,26,35,299.23991604704827,596,North,10473.397061646689
2024-11-21,85,7,120.87676302497358,595,North,846.1373411748151
2024-09-27,92,21,198.27741386731685,803,West,4163.825691213654
2024-02-23,62,18,230.56044697914677,964,East,4150.088045624642
2024-04-10,46,3,293.8405133720581,69,West,881.5215401161744
2024-09-20,64,42,382.0820026187804,129,South,16047.444109988777
2024-02-22,2,39,58.448072643911345,196,South,2279.4748331125425
2024-02-29,54,41,445.9294961786075,140,South,18283.109343322907
2024-04-17,65,49,16.03175447787704,444,South,785.555969415975
2024-01-05,51,11,191.32564399038506,283,North,2104.5820838942354
2024-04-12,53,39,23.43595188660225,312,North,914.0021235774877
2024-07-14,36,24,202.55737041919272,746,West,4861.376890060626
2024-09-18,26,46,267.6481734479286,535,East,12311.815978604716
2024-12-30,29,19,260.7238794249408,665,South,4953.753709073875
2024-12-15,21,4,91.15789004385002,277,West,364.63156017540007
2024-02-16,11,26,326.41284994685003,61,North,8486.7340986181
2024-12-20,40,38,31.94144074728743,319,North,1213.7747483969224
2024-11-06,11,42,383.3343418648835,890,East,16100.042358325109
2024-11-03,36,32,473.85577265683764,52,East,15163.384725018805
2024-05-23,59,39,176.48672530404778,856,East,6882.982286857863
2024-09-25,39,45,263.44729704002265,153,West,11855.128366801018
2024-05-03,99,46,195.66603624881904,749,North,9000.637667445675
2024-04-15,54,36,13.288091248989378,311,North,478.3712849636176
2024-06-06,98,40,199.07850641860682,814,East,7963.140256744273
2024-05-26,55,37,397.9429270380598,544,South,14723.888300408213
2024-05-24,24,33,302.03453266990607,567,East,9967.1395781069
2024-04-29,22,36,59.61735816142787,864,West,2146.2248938114035
2024-11-14,69,3,425.0983499499547,389,East,1275.295049849864
2024-10-01,56,9,270.23181899376897,548,East,2432.086370943921
2024-04-01,33,8,422.4444472548913,622,West,3379.5555780391305
2024-02-27,36,33,294.3085442046644,177,East,9712.181958753925
2024-12-11,20,6,284.24733797059054,362,North,1705.4840278235433
2024-08-16,83,41,61.577000746536065,314,South,2524.657030607979
2024-04-26,99,39,92.0062692379277,807,East,3588.24450027918
2024-11-13,81,4,486.2923756833296,848,West,1945.1695027333185
2024-10-05,62,13,121.95850590983767,97,South,1585.4605768278898
2024-05-06,98,49,488.9515378152803,881,West,23958.625352948733
2024-05-08,73,2,270.63722619688906,213,South,541.2744523937781
2024-02-27,26,5,76.5366330613292,829,South,382.683165306646
2024-05-01,66,44,58.658079349309546,137,East,2580.95549136962
2024-01-01,73,27,112.3433946458126,6,North,3033.27165543694
2024-08-26,73,32,463.56229171241455,109,East,14833.993334797266
2024-10-16,40,21,212.93360992083112,547,West,4471.605808337454
2024-04-05,17,8,203.76279131652805,39,West,1630.1023305322244
2024-05-05,1,38,163.47106792438527,662,South,6211.90058112664
2024-04-27,89,8,82.06030677762831,425,South,656.4824542210265
2024-02-17,61,3,249.04708662427916,630,North,747.1412598728375
2024-03-29,43,44,73.72341343045795,261,East,3243.83019094015
2024-08-24,42,3,419.38531582734055,426,West,1258.1559474820217
2024-09-28,25,22,191.4945232749002,87,South,4212.879512047804
2024-07-07,39,6,193.6537482130802,465,North,1161.9224892784812
2024-07-10,35,2,242.2631499567464,76,West,484.5262999134928
2024-03-09,3,23,227.6225794512183,471,South,5235.319327378021
2024-10-04,44,44,497.48040679906757,976,West,21889.137899158974
2024-12-14,51,2,277.2367493969682,963,North,554.4734987939364
2024-09-03,94,38,53.21883485703664,414,North,2022.3157245673924
2024-03-16,98,17,307.3698973726957,825,West,5225.288255335827
2024-06-02,12,35,84.27630350624118,895,East,2949.6706227184413
2024-05-23,19,34,25.159445918357566,726,West,855.4211612241572
2024-03-26,44,23,485.6636553018516,457,South,11170.264071942587
2024-07-03,59,30,389.0340568519363,285,East,11671.02170555809
2024-10-11,49,8,490.2534062827458,239,South,3922.0272502619664
2024-08-07,61,22,244.1604395308988,677,West,5371.529669679773
2024-03-09,17,44,270.8061902629983,599,East,11915.472371571926
2024-02-16,74,36,92.48510840037382,653,South,3329.4639024134576
2024-04-03,57,5,130.98463906711694,672,West,654.9231953355848
2024-08-25,55,13,420.8891153023858,558,West,5471.5584989310155
2024-07-22,47,29,184.53096708762112,372,East,5351.398045541013
2024-08-05,12,31,415.1393371602453,495,West,12869.319451967604
2024-12-06,62,47,357.4167249006456,624,North,16798.586070330344
2024-02-08,80,16,96.8137533832141,919,South,1549.0200541314257
2024-04-09,88,42,258.6487193986737,45,South,10863.246214744295
2024-10-15,83,30,341.91978754417124,401,West,10257.593626325137
2024-09-10,8,16,125.1682352538743,247,West,2002.6917640619888
2024-08-09,95,12,417.0373701548377,616,North,5004.448441858052
2024-12-22,21,17,276.96555219714156,597,East,4708.414387351407
2024-01-23,81,16,90.96860471687557,450,West,1455.4976754700092
2024-09-06,87,12,295.6623688206552,485,West,3547.9484258478624
2024-01-10,80,8,499.8597640363979,646,West,3998.8781122911832
2024-09-02,70,20,83.75553091507264,620,West,1675.1106183014529
2024-11-20,72,3,410.21089575856877,18,South,1230.6326872757063
2024-04-09,25,16,111.5814115619034,606,West,1785.3025849904543
2024-10-16,82,30,393.3702814354428,662,South,11801.108443063284
2024-06-28,89,45,369.94318232949246,758,West,16647.44320482716
2024-08-10,12,23,157.23979894421186,289,East,3616.5153757168728
2024-09-06,15,28,169.6533276065804,414,North,4750.293172984251
2024-05-26,59,40,398.33548206183036,721,East,15933.419282473214
2024-04-05,26,5,236.10830082478319,638,West,1180.541504123916
2024-09-13,26,20,368.1008340687863,235,West,7362.016681375726
2024-11-20,47,40,82.51223220925904,416,West,3300.4892883703615
2024-01-04,32,44,427.7533131317612,938,East,18821.145777797494
2024-01-16,10,1,358.33351117433637,499,West,358.33351117433637
2024-10-06,16,30,454.40197632906865,974,East,13632.059289872059
2024-12-01,71,21,74.86246572713651,634,South,1572.1117802698668
2024-09-03,17,20,300.57710517669284,650,North,6011.542103533857
2024-09-14,23,6,303.5690866697593,115,North,1821.4145200185558
2024-06-08,26,22,183.1957628679234,932,East,4030.306783094315
2024-12-05,85,18,234.64854803893633,674,South,4223.673864700854
2024-05-31,86,8,28.6109660120282,713,East,228.8877280962256
2024-06-26,7,39,375.4714189272359,234,South,14643.3853381622
2024-06-11,14,32,279.1680149075553,540,West,8933.37647704177
2024-02-02,79,33,38.29311541589515,11,South,1263.67280872454
2024-06-27,7,16,343.5703875506379,206,South,5497.126200810207
2024-04-10,9,12,238.72321784328207,679,South,2864.6786141193847
2024-09-24,48,38,26.886017118250003,247,North,1021.6686504935001
2024-11-18,72,34,485.1077861555667,559,South,16493.664729289267
2024-03-05,59,14,475.06495011382583,758,West,6650.909301593561
2024-06-16,87,36,261.32218391212683,127,West,9407.598620836567
2024-11-25,93,33,55.899486145896,147,West,1844.683042814568
2024-02-12,82,23,379.76439858330997,118,South,8734.581167416129
2024-02-13,95,45,251.04623905180722,911,East,11297.080757331325
2024-10-11,94,2,158.19926436179614,382,East,316.3985287235923
2024-01-12,39,41,250.7949069889928,412,West,10282.591186548705
2024-04-04,99,21,265.9976312486776,664,North,5585.950256222229
2024-10-28,18,2,285.7287325209462,584,East,571.4574650418924
2024-09-09,59,27,226.19961969111,363,South,6107.3897316599705
2024-08-29,17,9,306.82009853813776,509,East,2761.3808868432398
2024-02-04,14,1,460.1800081971249,137,West,460.1800081971249
2024-08-02,31,11,187.51136267830967,175,North,2062.624989461406
2024-12-02,24,3,365.6010669777751,289,East,1096.8032009333251
2024-03-30,99,23,448.2817528438738,958,East,10310.480315409097
2024-09-20,60,26,233.42984512236907,481,West,6069.1759731815955
2024-04-02,45,4,227.293359827133,19,North,909.173439308532
2024-03-30,98,18,305.037322823842,195,North,5490.671810829155
2024-04-24,3,6,299.78931211701916,330,West,1798.735872702115
2024-04-14,37,35,405.22877773987574,936,South,14183.007220895652
2024-07-14,43,22,243.47685805136342,175,East,5356.490877129995
2024-11-09,40,43,498.10024532332613,449,South,21418.310548903024
2024-04-23,90,15,39.14106874496758,925,East,587.1160311745138
2024-03-15,55,22,11.552245804543851,946,East,254.14940769996474
2024-08-04,87,37,323.69717266421566,354,South,11976.79538857598
2024-10-03,39,42,156.2331070573196,499,West,6561.790496407422
2024-09-05,15,12,127.78737046274706,141,West,1533.4484455529648
2024-06-12,4,47,162.83054920209742,758,East,7653.035812498579
2024-12-22,93,49,135.46330690142761,897,West,6637.702038169953
2024-07-10,86,42,25.087124333619446,930,East,1053.6592220120167
2024-08-14,25,38,486.05119077138846,93,West,18469.94524931276
2024-06-25,13,18,118.16528934186306,944,East,2126.9752081535353
2024-04-08,82,45,369.6745836687601,239,West,16635.356265094204
2024-02-05,33,35,383.6722334001459,205,North,13428.528169005107
2024-04-05,16,30,465.33612502354237,560,South,13960.083750706272
2024-05-31,42,24,24.969233975756186,433,North,599.2616154181485
2024-05-30,66,42,437.3036858390338,245,South,18366.75480523942
2024-07-08,55,30,268.3408286115021,832,South,8050.224858345063
2024-08-11,99,14,319.9466138832557,317,East,4479.252594365579
2024-02-06,42,6,325.7904357893065,925,South,1954.7426147358392
2024-09-24,34,3,411.7009244425165,295,North,1235.1027733275496
2024-07-01,30,16,173.36958785796415,640,North,2773.9134057274264
2024-01-13,13,7,369.1950830313968,856,West,2584.3655812197776
2024-10-05,13,14,269.00327376387656,282,North,3766.0458326942717
2024-08-04,18,9,398.7630670096204,17,West,3588.8676030865836
2024-12-20,32,15,495.3675560573654,71,South,7430.513340860481
2024-12-26,96,21,108.31899852784301,269,North,2274.698969084703
2024-10-12,99,35,497.37783436439895,325,South,17408.22420275396
2024-09-29,39,2,54.00795559855926,794,North,108.01591119711853
2024-03-02,46,27,11.135598473358794,305,North,300.66115878068746
2024-03-24,29,2,31.639348727137317,451,West,63.278697454274635
2024-08-04,62,35,177.47337832101323,7,South,6211.568241235463
2024-12-07,93,18,320.12410203243275,314,North,5762.2338365837895
2024-07-05,62,14,43.82447503504632,817,East,613.5426504906485
2024-01-19,57,20,12.776249119487963,103,South,255.52498238975926
2024-06-25,16,18,469.17460394480946,821,South,8445.14287100657
2024-04-09,56,10,412.7440516105655,193,South,4127.440516105655
2024-08-20,10,25,406.4997538581252,753,West,10162.49384645313
2024-03-16,30,2,443.3678949959688,574,East,886.7357899919376
2024-09-21,25,25,353.01679365833115,529,South,8825.419841458279
2024-10-10,84,33,61.158023576559906,171,North,2018.2147780264768
2024-07-24,5,36,205.5590921561243,537,North,7400.127317620475
2024-08-10,65,31,364.3432483676685,251,West,11294.640699397723
2024-02-21,94,14,147.36388578784525,765,North,2063.0944010298335
2024-12-04,49,1,346.8291184267564,387,South,346.8291184267564
2024-05-23,3,46,22.004239651149653,207,North,1012.1950239528841
2024-03-09,45,16,160.00729703100066,541,South,2560.1167524960106
2024-04-08,14,46,279.0738647758146,629,North,12837.397779687473
2024-01-25,30,3,319.7240164580587,416,East,959.1720493741761
2024-02-22,68,35,292.7499255863363,794,West,10246.24739552177
2024-05-30,18,41,351.90057527598043,380,West,14427.923586315197
2024-05-23,62,6,12.983486637521144,144,East,77.90091982512686
2024-02-26,37,25,59.46118798898553,25,East,1486.5296997246382
2024-02-08,25,13,435.78268361678107,822,West,5665.174887018154
2024-04-18,48,34,344.056835604179,668,East,11697.932410542086
2024-06-29,65,8,65.33650491614554,73,South,522.6920393291643
2024-02-11,53,21,422.61647432530384,632,North,8874.945960831381
2024-07-04,79,34,128.6932967340378,824,West,4375.572088957285
2024-08-10,73,4,244.3473432556595,833,East,977.389373022638
2024-05-01,15,25,81.14629131348354,93,South,2028.6572828370886
2024-05-12,49,15,357.95392764663626,505,West,5369.3089146995435
2024-06-11,88,4,336.75866629699124,598,East,1347.034665187965
2024-08-02,68,45,113.44511087140673,336,West,5105.0299892133025
2024-08-08,12,12,433.0663757599309,425,East,5196.796509119171
2024-08-22,59,32,206.63995186765897,499,West,6612.478459765087
2024-11-26,37,32,153.3323946246635,364,South,4906.636627989232
2024-05-25,61,28,84.64149883762238,947,South,2369.9619674534265
2024-08-26,43,13,140.42232613261336,630,North,1825.4902397239737
2024-03-16,70,31,20.793191399670327,745,West,644.5889333897801
2024-01-09,39,14,295.79617130349664,199,North,4141.146398248953
2024-03-14,56,20,422.69306570853445,718,West,8453.861314170688
2024-09-09,63,18,279.0004202264045,413,East,5022.007564075281
2024-08-17,46,29,117.4442413426991,339,East,3405.882998938274
2024-01-07,88,6,26.497897324797634,659,North,158.9873839487858
2024-06-22,11,32,115.16775589681339,962,West,3685.3681886980285
2024-05-20,62,29,213.89949975483523,937,North,6203.085492890222
2024-06-16,77,43,382.2096000629003,429,South,16435.01280270471
2024-06-18,98,2,102.04299774350932,783,North,204.08599548701864
2024-10-09,25,23,362.69781214379617,899,North,8342.049679307313
2024-05-01,71,19,434.797399492423,139,East,8261.150590356037
2024-07-12,52,31,232.43395557309495,693,North,7205.4526227659435
2024-01-05,4,5,412.5016759048707,942,West,2062.5083795243536
2024-01-29,59,19,281.7821005371968,542,East,5353.859910206739
2024-06-13,72,34,322.17451016964344,57,North,10953.933345767877
2024-12-04,20,10,267.87644556571934,232,South,2678.764455657193
2024-05-15,93,25,236.95463120815745,658,North,5923.865780203936
2024-12-30,63,2,124.98018647016617,435,North,249.96037294033235
2024-11-16,54,11,158.56508913591256,384,North,1744.2159804950381
2024-12-07,74,31,152.08535828236842,560,East,4714.646106753421
2024-05-24,98,15,286.0115761673692,194,West,4290.173642510537
2024-11-22,57,9,68.77730958170606,736,South,618.9957862353546
2024-08-04,90,23,459.2279284441442,648,North,10562.242354215317
2024-10-27,41,19,363.1210211887255,534,West,6899.299402585784
2024-05-11,3,9,206.70835914746488,518,West,1860.3752323271838
2024-10-18,6,35,87.7258308179252,716,East,3070.404078627382
2024-03-10,5,21,442.1761631636016,751,South,9285.699426435633
2024-09-08,5,9,413.651264149571,185,East,3722.861377346139
2024-10-01,54,28,363.64356083141786,872,West,10182.0197032797
2024-12-29,47,46,143.05805323150875,292,West,6580.670448649403
2024-06-30,87,7,207.1988523424978,335,West,1450.3919663974846
2024-06-15,49,16,60.34664370168745,732,East,965.5462992269992
2024-03-31,9,16,102.62936711649054,116,South,1642.0698738638487
2024-07-20,99,33,393.67815228519913,825,North,12991.379025411572
2024-12-11,20,4,360.3689722368351,49,East,1441.4758889473403
2024-01-19,61,4,300.808023858208,685,West,1203.232095432832
2024-02-08,35,39,448.9060957038247,82,East,17507.337732449163
2024-05-05,50,40,295.80059372839224,834,West,11832.02374913569
2024-06-21,82,17,238.81431998216925,333,North,4059.8434396968773
2024-05-20,62,37,176.7816656898237,557,North,6540.921630523478
2024-08-29,17,39,470.81976781072456,335,South,18361.970944618257
2024-08-07,88,29,50.530576146933214,532,West,1465.3867082610632
2024-05-05,3,36,466.13481230979613,960,South,16780.853243152662
2024-02-27,32,38,415.09018336619897,221,South,15773.42696791556
2024-05-27,99,39,73.66566302249363,635,North,2872.960857877252
2024-11-12,13,37,286.8423352608742,746,East,10613.166404652346
2024-12-26,89,35,434.60851105705257,733,East,15211.29788699684
2024-01-01,73,7,290.1864901675053,323,South,2031.3054311725373
2024-12-13,68,27,454.52791256470493,851,North,12272.253639247034
2024-07-08,14,28,472.0620702398608,3,West,13217.737966716102
2024-07-09,98,22,216.96841587030988,694,East,4773.305149146818
2024-11-07,11,14,194.88369408909855,206,South,2728.37171724738
2024-04-26,56,7,468.79736544488685,832,East,3281.581558114208
2024-05-13,67,37,340.81862996333734,40,East,12610.289308643481
2024-02-27,92,22,66.85111386060295,59,West,1470.7245049332648
2024-02-13,29,5,30.722957119113786,951,North,153.61478559556895
2024-06-21,9,2,286.6682349886589,574,West,573.3364699773178
2024-06-08,67,27,465.78377306482804,644,North,12576.161872750357
2024-06-21,25,21,423.681864178851,507,East,8897.319147755872
2024-11-12,98,38,341.16539576752484,572,South,12964.285039165945
2024-10-29,76,15,78.16676595663289,884,West,1172.5014893494933
2024-05-28,42,21,134.57337803686084,843,North,2826.040938774078
2024-03-20,9,10,439.00050101078193,122,East,4390.0050101078195
2024-07-31,79,23,99.57554596188123,479,North,2290.2375571232683
2024-07-21,40,39,146.43531004271293,619,North,5710.977091665804
2024-09-08,25,5,73.50431908576655,96,North,367.52159542883277
2024-08-16,5,1,341.2930333930614,859,East,341.2930333930614
2024-06-12,11,13,472.5513296279727,414,South,6143.167285163645
2024-08-14,59,21,141.79433548173913,235,South,2977.6810451165215
2024-05-26,98,26,242.9492378465361,898,South,6316.680184009939
2024-01-20,88,45,320.8264724584901,62,North,14437.191260632055
2024-02-16,79,21,499.73846162565906,256,East,10494.50769413884
2024-08-20,38,18,61.355951848810335,561,North,1104.4071332785861
2024-10-31,72,37,254.2996917577975,905,South,9409.088595038507
2024-01-14,5,45,198.70885875222504,348,South,8941.898643850127
2024-05-22,48,32,434.251880958954,671,East,13896.060190686529
2024-01-01,90,36,243.2241881957114,124,North,8756.070775045611
2024-02-23,18,17,64.37898704672257,482,West,1094.4427797942838
2024-09-15,70,35,320.867831190426,317,West,11230.37409166491
2024-05-23,37,49,387.68250294930107,504,South,18996.44264451575
2024-01-12,60,11,11.41181331615115,719,East,125.52994647766265
2024-11-25,48,21,430.88877585610845,48,North,9048.664292978277
2024-08-11,77,26,101.15127000277616,409,North,2629.93302007218
2024-09-28,28,4,280.51398868015514,932,South,1122.0559547206205
2024-12-23,69,34,213.74077533685056,136,South,7267.186361452919
2024-06-04,77,48,362.6303701391599,201,North,17406.257766679675
2024-01-08,81,18,191.8691912450135,250,North,3453.645442410243
2024-05-01,40,40,436.1839565740383,314,South,17447.35826296153
2024-12-13,45,35,367.9432168698072,869,North,12878.012590443252
2024-06-12,96,41,327.37945382083154,368,West,13422.557606654093
2024-03-30,62,29,400.15789182579863,429,South,11604.57886294816
2024-05-15,93,29,379.47128711490734,830,North,11004.667326332314
2024-07-04,58,38,27.609950711561137,807,South,1049.1781270393233
2024-11-11,67,42,203.4198333839658,480,East,8543.633002126564
2024-06-26,56,21,466.09557568508,314,South,9788.00708938668
2024-01-28,40,42,71.60489180619085,500,South,3007.4054558600155
2024-08-07,98,13,371.1773097117051,721,East,4825.3050262521665
2024-12-22,40,49,487.54998755431154,355,West,23889.949390161266
2024-02-10,91,41,35.5773282320361,485,North,1458.6704575134802
2024-08-15,77,17,344.2750015070391,211,East,5852.675025619665
2024-07-10,33,9,239.3955292375049,704,South,2154.559763137544
2024-05-24,6,41,293.79587513361383,44,North,12045.630880478167
2024-07-19,88,1,51.81725487731917,541,East,51.81725487731917
2024-07-30,19,2,31.073406414800345,571,North,62.14681282960069
2024-08-07,80,48,336.76466366995163,583,North,16164.703856157677
2024-08-27,40,29,413.42162061215174,92,East,11989.226997752401
2024-02-15,92,33,393.18751411715397,265,North,12975.18796586608
2024-02-04,97,10,276.4648066544563,895,West,2764.6480665445633
2024-09-09,59,40,58.934742356727305,220,East,2357.389694269092
2024-03-22,59,21,347.14177747964675,902,West,7289.977327072582
2024-09-12,48,28,128.52555294153152,925,South,3598.7154823628825
2024-07-15,41,11,456.423664356018,442,North,5020.660307916198
2024-10-29,13,34,420.7500261773954,401,South,14305.500890031444
2024-01-10,45,8,357.5976538728215,400,South,2860.781230982572
2024-11-07,89,22,474.9345183572539,727,North,10448.559403859586
2024-10-12,53,8,25.396692540523734,991,East,203.17354032418987
2024-08-29,42,49,370.7382082797734,899,North,18166.172205708895
2024-09-07,100,15,171.8189618748386,789,South,2577.284428122579
2024-12-30,63,17,453.972283986319,576,South,7717.528827767423
2024-01-05,27,23,140.67084636436903,858,East,3235.4294663804876
2024-04-28,38,24,365.1796846643584,804,North,8764.312431944601
2024-10-15,60,45,440.0470396288829,490,South,19802.11678329973
2024-03-05,7,19,30.41184100751439,485,West,577.8249791427734
2024-05-25,5,5,204.8473140000977,757,South,1024.2365700004884
2024-08-11,45,32,383.5314256907499,470,South,12273.005622103998
2024-08-26,58,44,232.91025585871768,574,East,10248.051257783578
2024-06-25,31,1,140.9537885988617,938,West,140.9537885988617
2024-09-23,23,23,117.70462092336311,844,South,2707.2062812373515
2024-12-06,42,37,74.44395078902518,682,South,2754.4261791939316
2024-10-08,10,8,429.9934843295783,445,West,3439.9478746366262
2024-03-03,32,13,291.92414759326243,269,North,3795.0139187124114
2024-08-04,53,8,47.42862304581343,267,North,379.42898436650745
2024-12-07,30,23,197.46435854961135,54,South,4541.680246641061
2024-11-10,39,43,190.18948889450385,528,South,8178.148022463665
2024-10-09,31,1,99.05220344763686,520,North,99.05220344763686
2024-06-25,82,45,223.39873648137345,616,East,10052.943141661804
2024-04-07,100,24,172.72868904263686,59,West,4145.488537023284
2024-04-14,2,35,177.48381569116944,825,West,6211.9335491909305
2024-04-08,78,24,372.12301331609973,40,East,8930.952319586393
2024-11-06,77,17,119.3990588975462,237,East,2029.7840012582853
2024-01-06,93,5,324.5113798391242,955,East,1622.5568991956209
2024-07-15,12,20,289.6183157016581,386,East,5792.366314033162
2024-12-16,39,21,288.36533104555497,606,East,6055.671951956654
2024-05-12,66,40,334.8735996094702,734,East,13394.943984378808
2024-12-23,96,31,278.70719773587047,716,West,8639.923129811985
2024-09-15,13,46,440.83500627472847,650,East,20278.41028863751
2024-01-23,46,36,341.0342450556273,300,North,12277.232822002583
2024-02-22,27,11,278.0119931719802,395,East,3058.131924891782
2024-06-13,17,15,416.583928940946,207,East,6248.75893411419
2024-07-20,95,19,307.0118168174051,336,West,5833.224519530697
2024-03-23,98,7,152.66068141473772,593,West,1068.6247699031642
2024-05-24,60,28,111.4765099065199,730,East,3121.342277382557
2024-03-25,64,43,84.6406149747126,514,West,3639.546443912642
2024-03-18,88,5,450.73305414758977,178,South,2253.665270737949
2024-12-31,35,5,357.96636158105224,396,West,1789.8318079052613
2024-01-01,70,30,469.3154347005172,371,West,14079.463041015515
2024-02-20,83,32,305.61298480032207,858,West,9779.615513610306
2024-06-21,30,8,241.96643193250716,791,West,1935.7314554600573
2024-07-23,71,10,39.26107959573577,658,North,392.6107959573577
2024-09-16,74,38,339.1047179575546,318,North,12885.979282387076
2024-10-14,96,47,295.2822922864333,736,North,13878.267737462365
2024-02-03,98,32,495.2023578579345,369,East,15846.475451453904
2024-12-13,63,48,127.18780111329909,384,East,6105.014453438356
2024-04-04,28,28,270.0613040905496,62,South,7561.716514535388
2024-03-12,60,17,328.96909420785556,806,North,5592.474601533545
2024-02-08,79,31,325.8496756237484,505,East,10101.3399443362
2024-06-02,94,8,285.03383604471736,239,West,2280.270688357739
2024-09-06,37,40,390.6947250603405,195,West,15627.78900241362
2024-06-10,93,25,110.44079266814005,678,North,2761.0198167035014
2024-04-27,22,9,365.5573281344638,963,South,3290.015953210174
2024-09-15,68,2,313.6699400022137,222,South,627.3398800044274
2024-11-01,20,15,449.07680477934093,61,West,6736.152071690114
2024-09-24,96,3,425.12527512645505,129,South,1275.375825379365
2024-02-23,100,49,164.4220491749511,990,North,8056.680409572604
2024-08-23,68,36,145.356289237825,685,West,5232.8264125617
2024-08-09,91,4,491.0101286876995,992,East,1964.040514750798
2024-09-07,64,14,268.3599386484757,156,East,3757.0391410786597
2024-11-08,17,41,454.14627231807407,917,South,18619.997165041037
2024-04-21,12,41,90.30170165243628,378,West,3702.3697677498876
2024-09-11,22,25,324.9812682520854,622,West,8124.531706302135
2024-10-29,17,10,406.8314918066872,781,East,4068.314918066872
2024-07-25,10,21,474.223672297359,923,West,9958.697118244538
2024-08-16,65,36,175.2966690983415,868,West,6310.680087540294
2024-12-06,22,12,365.2407732627857,903,West,4382.889279153428
2024-03-06,90,27,274.0183744294133,790,South,7398.49610959416
2024-03-15,82,40,39.70817377256942,586,West,1588.3269509027766
2024-04-12,50,2,348.09987128138226,999,North,696.1997425627645
2024-07-10,14,13,348.14731353654327,437,South,4525.915075975063
2024-09-08,64,32,465.99733437480313,975,West,14911.9146999937
2024-08-13,47,31,253.68309862279648,207,West,7864.176057306691
2024-10-20,29,16,122.82295114815219,388,North,1965.167218370435
2024-11-01,76,32,31.836273489852786,480,South,1018.7607516752892
2024-04-07,36,32,213.6646714760938,791,East,6837.269487235001
2024-12-03,99,34,157.93918303797588,887,East,5369.93222329118
2024-10-12,52,11,382.933269951699,838,South,4212.265969468689
2024-11-30,76,10,183.59120477211283,984,West,1835.9120477211284
2024-12-12,7,15,475.04488619427354,340,West,7125.6732929141035
2024-11-03,29,17,481.5319994640143,869,East,8186.043990888243
2024-09-05,11,40,314.245209206677,340,East,12569.808368267079
2024-06-14,33,18,465.0435406372926,204,East,8370.783731471267
2024-11-30,6,9,382.8186288121029,161,North,3445.367659308926
2024-01-30,79,25,277.96122407781183,540,East,6949.0306019452955
2024-09-03,32,40,98.35088835716128,392,North,3934.0355342864514
2024-04-15,51,14,234.7129923217816,769,South,3285.981892504942
2024-02-20,75,25,284.82848704768264,677,West,7120.712176192066
2024-03-21,58,22,433.34117456015497,575,East,9533.505840323409
2024-05-12,87,30,245.85335450247578,534,West,7375.600635074274
2024-10-11,26,20,449.86058961219874,70,West,8997.211792243976
2024-05-17,98,21,340.43099972149975,893,East,7149.050994151495
2024-07-02,46,44,77.12954089629898,405,East,3393.699799437155
2024-11-25,98,32,497.54087096929555,608,South,15921.307871017458
2024-09-29,29,46,268.34400376941716,675,North,12343.82417339319
2024-12-05,4,49,202.01056524044864,591,North,9898.517696781984
2024-03-09,81,21,332.96574459006797,517,West,6992.280636391428
2024-02-03,99,35,63.35772385070915,828,East,2217.52033477482
2024-09-18,13,32,321.9039369091436,120,South,10300.925981092596
2024-02-22,39,30,254.13564024464375,814,South,7624.069207339313
2024-07-23,15,39,209.27029429930573,690,South,8161.541477672924
2024-05-05,29,49,476.9798103776606,688,South,23372.01070850537
2024-08-22,29,12,266.0444611987061,902,South,3192.5335343844727
2024-02-12,75,41,117.36756494026983,217,North,4812.070162551063
2024-08-27,32,47,234.89210489487633,56,North,11039.928930059188
2024-04-20,2,18,460.4998282406096,366,North,8288.996908330973
2024-09-05,47,21,96.28678095199139,699,East,2022.0223999918192
2024-05-30,78,13,114.83894895723608,504,West,1492.906336444069
2024-07-01,84,21,16.384488200971038,744,South,344.0742522203918
2024-12-01,22,8,16.953124203925917,767,East,135.62499363140734
2024-04-04,75,46,416.4018972096711,925,South,19154.48727164487
2024-01-08,27,40,368.7400773530484,455,North,14749.603094121936
2024-12-25,67,46,183.97011766145954,104,East,8462.625412427138
2024-07-02,81,7,352.17246704151063,77,North,2465.2072692905745
2024-10-07,56,23,203.6509038918854,230,South,4683.970789513364
2024-07-13,92,44,476.9194300389355,914,South,20984.45492171316
2024-12-17,93,32,483.85581389875705,258,West,15483.386044760226
2024-07-13,21,11,202.46895014657827,264,South,2227.1584516123608
2024-06-03,47,22,428.5687341070253,331,North,9428.512150354556
2024-04-02,80,22,388.81363043175844,993,South,8553.899869498686
2024-06-08,59,43,161.89996921417676,182,West,6961.698676209601
2024-03-01,84,25,123.69951616154192,893,West,3092.487904038548
2024-05-01,6,22,234.53497869248858,768,North,5159.769531234749
2024-02-20,19,28,392.8609319010591,550,East,11000.106093229653
2024-10-03,57,29,480.48221451708525,688,South,13933.984220995473
2024-01-05,69,13,384.15374374462056,27,West,4993.998668680068
2024-04-01,3,18,429.0514226590013,276,South,7722.925607862023
2024-06-18,1,2,305.5015100235531,652,South,611.0030200471062
2024-11-12,58,29,419.3498371126417,299,East,12161.145276266609
2024-01-22,38,21,394.36622042167465,957,West,8281.690628855167
2024-11-21,15,15,194.72291554387724,799,South,2920.8437331581586
2024-01-01,34,27,280.4752480391533,91,West,7572.8316970571395
2024-05-12,61,31,404.32902977495047,480,North,12534.199923023465
2024-08-20,35,15,32.567799753078624,573,North,488.51699629617934
2024-01-12,64,23,405.9588483543567,458,South,9337.053512150203
2024-12-11,25,24,97.16518078402149,451,West,2331.964338816516
2024-02-15,24,44,262.1949723895051,365,South,11536.578785138225
2024-02-03,12,13,406.0549653824094,859,West,5278.714549971322
2024-03-18,18,22,134.37232829678047,675,West,2956.1912225291703
2024-08-05,15,43,130.44564526001497,351,East,5609.162746180644
2024-10-27,80,37,207.35455524650342,655,East,7672.118544120627
2024-03-13,27,33,448.37497081304093,400,East,14796.374036830352
2024-10-08,72,3,10.216962904231863,253,South,30.65088871269559
2024-09-05,60,19,451.6777173545481,781,East,8581.876629736415
2024-02-16,46,23,85.36544207438781,881,East,1963.4051677109198
2024-04-30,89,29,495.1423242730662,803,North,14359.12740391892
2024-08-01,17,30,477.8750265888494,459,West,14336.250797665482
2024-08-26,93,39,252.39084289972882,699,West,9843.242873089424
2024-02-25,53,44,261.2329214281878,917,East,11494.248542840263
2024-12-15,8,47,245.9591767351686,499,West,11560.081306552924
2024-04-16,79,25,321.3673863731661,950,North,8034.184659329152
2024-11-14,27,37,54.45363409511621,971,North,2014.7844615192996
2024-02-17,46,47,25.982794687367587,926,East,1221.1913503062765
2024-03-01,50,8,38.27443492379044,508,North,306.1954793903235
2024-12-02,71,42,227.73902112834205,304,West,9565.038887390367
2024-01-26,3,16,145.01849021754686,501,South,2320.2958434807497
2024-10-18,93,8,314.79938556178695,803,West,2518.3950844942956
2024-09-13,64,1,496.29672179364167,598,South,496.29672179364167
2024-01-08,44,44,199.2983548074683,166,East,8769.127611528605
2024-04-22,53,5,291.18221451121155,415,South,1455.9110725560577
2024-12-20,24,3,213.64590899459438,462,North,640.9377269837831
2024-09-09,60,1,425.1631171837111,920,West,425.1631171837111
2024-06-28,3,4,452.0958376964967,114,South,1808.3833507859867
2024-07-25,20,40,439.90424998057745,433,West,17596.169999223097
2024-10-29,46,35,487.44239695283625,992,East,17060.48389334927
2024-05-06,15,32,23.484400718803492,356,East,751.5008230017118
2024-02-25,25,42,421.50991945131017,928,North,17703.416616955026
2024-08-01,94,34,378.3683647891557,695,East,12864.524402831294
2024-01-14,78,43,122.06026060617874,207,South,5248.591206065686
2024-01-28,71,25,478.5968457598885,768,East,11964.921143997211
2024-03-18,17,10,82.60718483267328,235,North,826.0718483267328
2024-08-03,84,21,342.9794642956151,442,West,7202.568750207917
2024-12-30,100,46,120.19620623979712,355,West,5529.025487030667
2024-06-02,9,39,221.3765178992966,515,East,8633.684198072568
2024-01-14,38,27,362.38834950283876,208,South,9784.485436576646
2024-07-05,48,27,286.02907459619286,709,North,7722.785014097207
2024-11-07,60,2,219.47589735077474,853,South,438.9517947015495
2024-01-07,63,41,169.90583115667374,125,North,6966.139077423623
2024-01-03,86,48,421.43323129730726,138,East,20228.79510227075
2024-04-20,2,13,80.46903165425871,339,North,1046.0974115053632
2024-08-25,88,9,220.75040949960203,537,North,1986.7536854964183
2024-12-28,72,36,452.84121016981965,68,East,16302.283566113507
2024-08-26,11,22,424.46627972538414,573,South,9338.258153958452
2024-09-30,64,42,206.46146361179288,541,East,8671.3814716953
2024-10-20,77,26,383.9230981646411,383,North,9982.000552280668
2024-08-14,81,12,413.34880704734104,19,East,4960.185684568092
2024-01-15,72,17,445.5548377617786,683,North,7574.432241950236
2024-07-10,21,14,276.8078268341217,450,East,3875.3095756777043
2024-04-28,18,14,110.18583416680877,74,West,1542.601678335323
2024-01-28,94,34,135.1014474869265,573,West,4593.449214555501
2024-07-20,64,20,154.89039028038607,939,East,3097.8078056077215
2024-02-08,82,11,300.9632155967116,665,South,3310.595371563828
2024-09-29,95,16,26.076715823018134,276,North,417.22745316829014
2024-08-18,38,31,321.66080970218445,48,West,9971.485100767717
2024-03-26,32,6,188.5335768298337,211,South,1131.2014609790021
2024-05-05,11,19,154.66848321992467,855,North,2938.7011811785687
2024-10-26,45,37,440.9533196567819,920,West,16315.27282730093
2024-01-25,89,4,235.40117383459148,651,West,941.6046953383659
2024-05-24,33,47,56.57599231101946,622,East,2659.0716386179147
2024-01-13,41,4,415.10591633286106,994,North,1660.4236653314442
2024-07-30,8,20,33.34421614388823,695,South,666.8843228777646
2024-01-25,11,10,366.10711984241635,540,South,3661.0711984241634
2024-03-08,86,24,389.21404866762595,709,South,9341.137168023022
2024-03-07,51,35,182.77527690514052,191,North,6397.134691679918
2024-08-20,88,26,414.1460495761155,315,South,10767.797288979003
2024-04-18,41,37,262.6731088696622,901,South,9718.905028177502
2024-05-25,17,38,237.01389010367043,563,South,9006.527823939476
2024-04-20,76,21,32.247607919659345,661,East,677.1997663128462
2024-08-15,46,40,152.1143048879639,780,East,6084.572195518556
2024-04-20,32,39,466.1948857337969,562,North,18181.60054361808
2024-02-03,79,21,201.993742008915,900,North,4241.868582187215
2024-04-20,80,10,277.8832550728165,758,South,2778.832550728165
2024-09-20,54,38,270.69062270228335,113,East,10286.243662686767
2024-08-23,86,46,299.3112340131197,170,West,13768.316764603507
2024-03-23,92,4,40.05216826520848,468,West,160.20867306083392
2024-02-11,20,45,187.46636485137685,678,South,8435.986418311959
2024-04-10,33,20,364.33285420245153,921,South,7286.65708404903
2024-01-06,74,17,108.27452302576162,14,East,1840.6668914379477
2024-06-28,40,7,109.75340499771661,715,East,768.2738349840163
2024-10-08,32,4,14.944397277622116,288,East,59.777589110488464
2024-11-15,97,29,224.36614403802275,907,North,6506.6181771026595
2024-08-13,2,14,442.5398465299768,189,North,6195.557851419675
2024-11-10,97,3,35.43146235778141,914,South,106.29438707334424
2024-12-30,33,24,103.64816765304128,155,North,2487.5560236729907
2024-08-16,77,37,161.94142378795,567,East,5991.83268015415
2024-10-15,30,16,368.5451209164643,694,East,5896.721934663429
2024-05-29,33,4,323.9114404732674,722,North,1295.6457618930697
2024-10-03,77,24,213.81251324510896,888,West,5131.5003178826155
2024-07-16,26,34,381.9437802366041,471,South,12986.088528044538
2024-03-10,22,30,308.7191957118819,75,West,9261.575871356457
2024-04-21,66,18,449.0599918320373,277,South,8083.079852976672
2024-01-04,38,19,410.8331070779596,940,West,7805.829034481232
2024-12-15,90,31,133.87866698370829,645,North,4150.238676494957
2024-11-26,46,19,143.0049030407581,343,South,2717.093157774404
2024-11-13,15,49,71.42467313826896,425,South,3499.808983775179
2024-12-15,98,46,175.11271560155367,571,South,8055.184917671469
2024-04-04,44,19,499.77652017235624,511,East,9495.753883274769
2024-05-31,49,22,208.81807262137988,857,East,4593.997597670357
2024-11-06,75,24,118.03933299766213,182,West,2832.943991943891
2024-05-16,61,45,383.616613393021,458,North,17262.747602685944
2024-09-03,67,12,275.8107916967015,918,East,3309.7295003604177
2024-08-30,6,30,83.30471026820675,851,South,2499.1413080462025
2024-01-31,9,38,196.53794376882422,833,East,7468.44186321532
2024-02-09,6,31,213.09016061427823,64,North,6605.7949790426255
2024-08-16,73,36,379.37655327891713,839,East,13657.555918041016
2024-02-05,95,19,20.128970757033187,260,South,382.45044438363055
2024-08-10,32,48,141.81962693117214,193,West,6807.342092696263
2024-01-06,41,45,263.6221876446058,655,South,11862.99844400726
2024-11-17,76,36,141.73490380189324,616,North,5102.456536868157
2024-08-07,8,30,317.93268323530947,972,West,9537.980497059285
2024-03-15,72,49,246.11506484456214,406,East,12059.638177383546
2024-01-04,50,33,187.23802488119452,726,East,6178.854821079419
2024-11-30,92,18,475.112227166551,754,East,8552.020088997919
2024-05-13,62,49,319.75815460136414,943,West,15668.149575466843
2024-04-27,84,28,73.6712724112912,721,South,2062.7956275161537
2024-04-03,62,47,284.4449317472638,93,West,13368.911792121398
2024-03-02,7,11,392.5586080684415,430,West,4318.144688752856
2024-07-12,75,45,357.1599517714707,654,North,16072.19782971618
2024-11-30,84,33,94.3237223546771,434,West,3112.6828377043444
2024-07-21,80,17,486.48579952965065,404,East,8270.258592004062
2024-01-26,4,6,229.91868641583693,434,South,1379.5121184950217
2024-06-21,6,4,87.92225183272804,112,South,351.68900733091215
2024-10-26,58,20,98.29591952279249,929,South,1965.9183904558497
2024-05-12,22,48,58.13514617264944,375,East,2790.487016287173
2024-11-21,26,47,403.7238731331178,59,East,18975.022037256538
2024-04-27,3,27,69.79494221770584,43,East,1884.4634398780577
2024-11-19,41,15,71.311375999456,207,East,1069.67063999184
2024-10-01,60,6,426.73109123281046,780,East,2560.3865473968626
2024-07-30,14,47,178.85600137930422,296,West,8406.232064827298
2024-08-12,75,14,25.120373110955498,118,East,351.685223553377
2024-01-20,82,11,35.42869676402133,532,East,389.71566440423464
2024-04-22,12,39,79.66351888490883,222,East,3106.877236511444
2024-05-19,87,9,114.56274050808787,166,East,1031.064664572791
2024-02-16,12,26,335.92163517681865,643,South,8733.962514597286
2024-01-01,13,16,87.08987720089584,156,East,1393.4380352143335
2024-03-30,25,5,68.24845167676527,184,West,341.24225838382637
2024-05-21,45,10,384.7123793233768,90,West,3847.123793233768
2024-11-15,19,3,338.81708909135807,94,West,1016.4512672740742
2024-02-07,55,13,223.30886851306573,13,North,2903.0152906698545
2024-10-19,100,43,279.1617880252509,973,South,12003.95688508579
2024-05-18,45,49,162.87216995994504,834,East,7980.7363280373065
